tier,filter_call,cutoff,max_inner_edge,mesh_id,n_vertices,all_converged,p_d_hessian,response,divisor,sum_loglik,n,log_cpo_approx,model_id,model_path,clean_response
climatic_region_Arid,climatic_region == 'Arid',20,1000,mesh_1,53606,TRUE,8,evi_coef,15,-288235.86712939,104864,-2.74866367036724,cv_climatic_region_Arid_mesh_1_grid_zhu_sensitivity,builds/cv_models/cv_climatic_region_Arid_mesh_1_grid_zhu_sensitivity.Rds,EVI Trend
climatic_region_Arid,climatic_region == 'Arid',40,1000,mesh_2,21315,TRUE,8,evi_coef,15,-289232.036268704,104864,-2.75816329978548,cv_climatic_region_Arid_mesh_2_grid_zhu_sensitivity,builds/cv_models/cv_climatic_region_Arid_mesh_2_grid_zhu_sensitivity.Rds,EVI Trend
climatic_region_Arid,climatic_region == 'Arid',80,1000,mesh_3,7760,TRUE,8,evi_coef,15,-293930.111485981,104864,-2.8029649020253,cv_climatic_region_Arid_mesh_3_grid_zhu_sensitivity,builds/cv_models/cv_climatic_region_Arid_mesh_3_grid_zhu_sensitivity.Rds,EVI Trend
climatic_region_Arid,climatic_region == 'Arid',320,1000,mesh_5,1553,TRUE,8,evi_coef,15,-307899.435909266,104864,-2.93617863050491,cv_climatic_region_Arid_mesh_5_grid_zhu_sensitivity,builds/cv_models/cv_climatic_region_Arid_mesh_5_grid_zhu_sensitivity.Rds,EVI Trend
olson_biome_Boreal Forests/Taiga,olson_biome == 'Boreal Forests/Taiga',20,1000,mesh_1,29205,TRUE,8,evi_coef,5,-404555.971439561,108313,-3.73506385604278,cv_olson_biome_Boreal_Forests_Taiga_mesh_1_grid_zhu_sensitivity,builds/cv_models/cv_olson_biome_Boreal_Forests_Taiga_mesh_1_grid_zhu_sensitivity.Rds,EVI Trend
olson_biome_Boreal Forests/Taiga,olson_biome == 'Boreal Forests/Taiga',40,1000,mesh_2,9521,TRUE,8,evi_coef,5,-409637.710655875,108313,-3.78198102403105,cv_olson_biome_Boreal_Forests_Taiga_mesh_2_grid_zhu_sensitivity,builds/cv_models/cv_olson_biome_Boreal_Forests_Taiga_mesh_2_grid_zhu_sensitivity.Rds,EVI Trend
olson_biome_Boreal Forests/Taiga,olson_biome == 'Boreal Forests/Taiga',160,1000,mesh_4,1152,TRUE,8,evi_coef,5,-419038.45424252,108313,-3.86877340894002,cv_olson_biome_Boreal_Forests_Taiga_mesh_4_grid_zhu_sensitivity,builds/cv_models/cv_olson_biome_Boreal_Forests_Taiga_mesh_4_grid_zhu_sensitivity.Rds,EVI Trend
climatic_region_Cold,climatic_region == 'Cold',20,1000,mesh_1,45510,TRUE,8,evi_coef,9,-394251.93180169,107596,-3.66418762594976,cv_climatic_region_Cold_mesh_1_grid_zhu_sensitivity,builds/cv_models/cv_climatic_region_Cold_mesh_1_grid_zhu_sensitivity.Rds,EVI Trend
climatic_region_Cold,climatic_region == 'Cold',80,1000,mesh_3,6518,TRUE,8,evi_coef,9,-400660.717505124,107596,-3.72375104562553,cv_climatic_region_Cold_mesh_3_grid_zhu_sensitivity,builds/cv_models/cv_climatic_region_Cold_mesh_3_grid_zhu_sensitivity.Rds,EVI Trend
climatic_region_Cold,climatic_region == 'Cold',160,1000,mesh_4,2780,TRUE,8,evi_coef,9,-405512.945342569,107596,-3.76884777633526,cv_climatic_region_Cold_mesh_4_grid_zhu_sensitivity,builds/cv_models/cv_climatic_region_Cold_mesh_4_grid_zhu_sensitivity.Rds,EVI Trend
climatic_region_Cold,climatic_region == 'Cold',320,1000,mesh_5,1576,TRUE,8,evi_coef,9,-410759.141091206,107596,-3.81760605497608,cv_climatic_region_Cold_mesh_5_grid_zhu_sensitivity,builds/cv_models/cv_climatic_region_Cold_mesh_5_grid_zhu_sensitivity.Rds,EVI Trend
olson_biome_Deserts & Xeric Shrublands,olson_biome == 'Deserts & Xeric Shrublands',20,1000,mesh_1,41354,TRUE,8,evi_coef,10,-262279.92159441,103007,-2.54623396074451,cv_olson_biome_Deserts_&_Xeric_Shrublands_mesh_1_grid_zhu_sensitivity,builds/cv_models/cv_olson_biome_Deserts_&_Xeric_Shrublands_mesh_1_grid_zhu_sensitivity.Rds,EVI Trend
olson_biome_Deserts & Xeric Shrublands,olson_biome == 'Deserts & Xeric Shrublands',40,1000,mesh_2,15742,TRUE,8,evi_coef,10,-264804.816759271,103007,-2.57074584017854,cv_olson_biome_Deserts_&_Xeric_Shrublands_mesh_2_grid_zhu_sensitivity,builds/cv_models/cv_olson_biome_Deserts_&_Xeric_Shrublands_mesh_2_grid_zhu_sensitivity.Rds,EVI Trend
olson_biome_Deserts & Xeric Shrublands,olson_biome == 'Deserts & Xeric Shrublands',80,1000,mesh_3,5436,TRUE,8,evi_coef,10,-270255.881292552,103007,-2.62366520035096,cv_olson_biome_Deserts_&_Xeric_Shrublands_mesh_3_grid_zhu_sensitivity,builds/cv_models/cv_olson_biome_Deserts_&_Xeric_Shrublands_mesh_3_grid_zhu_sensitivity.Rds,EVI Trend
olson_biome_Deserts & Xeric Shrublands,olson_biome == 'Deserts & Xeric Shrublands',320,1000,mesh_5,1151,FALSE,6,evi_coef,10,-285469.571672622,103007,-2.77136089462485,cv_olson_biome_Deserts_&_Xeric_Shrublands_mesh_5_grid_zhu_sensitivity,builds/cv_models/cv_olson_biome_Deserts_&_Xeric_Shrublands_mesh_5_grid_zhu_sensitivity.Rds,EVI Trend
olson_biome_Flooded Grasslands & Savannas,olson_biome == 'Flooded Grasslands & Savannas',20,1000,mesh_1,4627,TRUE,8,evi_coef,1,-98034.1305458432,27597,-3.55234737637581,cv_olson_biome_Flooded_Grasslands_&_Savannas_mesh_1_grid_zhu_sensitivity,builds/cv_models/cv_olson_biome_Flooded_Grasslands_&_Savannas_mesh_1_grid_zhu_sensitivity.Rds,EVI Trend
olson_biome_Flooded Grasslands & Savannas,olson_biome == 'Flooded Grasslands & Savannas',40,1000,mesh_2,2146,TRUE,8,evi_coef,1,-101278.135881718,27597,-3.66989657867586,cv_olson_biome_Flooded_Grasslands_&_Savannas_mesh_2_grid_zhu_sensitivity,builds/cv_models/cv_olson_biome_Flooded_Grasslands_&_Savannas_mesh_2_grid_zhu_sensitivity.Rds,EVI Trend
olson_biome_Flooded Grasslands & Savannas,olson_biome == 'Flooded Grasslands & Savannas',160,1000,mesh_4,770,TRUE,8,evi_coef,1,-105580.275481378,27597,-3.82578814658761,cv_olson_biome_Flooded_Grasslands_&_Savannas_mesh_4_grid_zhu_sensitivity,builds/cv_models/cv_olson_biome_Flooded_Grasslands_&_Savannas_mesh_4_grid_zhu_sensitivity.Rds,EVI Trend
olson_biome_Flooded Grasslands & Savannas,olson_biome == 'Flooded Grasslands & Savannas',320,1000,mesh_5,627,TRUE,8,evi_coef,1,-106625.646183939,27597,-3.86366801405728,cv_olson_biome_Flooded_Grasslands_&_Savannas_mesh_5_grid_zhu_sensitivity,builds/cv_models/cv_olson_biome_Flooded_Grasslands_&_Savannas_mesh_5_grid_zhu_sensitivity.Rds,EVI Trend
"olson_biome_Mediterranean Forests, Woodlands & Scrub","olson_biome == 'Mediterranean Forests, Woodlands & Scrub'",20,1000,mesh_1,7699,TRUE,8,evi_coef,1,-195097.424575288,66479,-2.9347226127843,"cv_olson_biome_Mediterranean_Forests,_Woodlands_&_Scrub_mesh_1_grid_zhu_sensitivity","builds/cv_models/cv_olson_biome_Mediterranean_Forests,_Woodlands_&_Scrub_mesh_1_grid_zhu_sensitivity.Rds",EVI Trend
"olson_biome_Mediterranean Forests, Woodlands & Scrub","olson_biome == 'Mediterranean Forests, Woodlands & Scrub'",40,1000,mesh_2,3277,TRUE,8,evi_coef,1,-202231.180997461,66479,-3.0420310323179,"cv_olson_biome_Mediterranean_Forests,_Woodlands_&_Scrub_mesh_2_grid_zhu_sensitivity","builds/cv_models/cv_olson_biome_Mediterranean_Forests,_Woodlands_&_Scrub_mesh_2_grid_zhu_sensitivity.Rds",EVI Trend
"olson_biome_Mediterranean Forests, Woodlands & Scrub","olson_biome == 'Mediterranean Forests, Woodlands & Scrub'",80,1000,mesh_3,1616,TRUE,8,evi_coef,1,-208676.483012969,66479,-3.13898348370116,"cv_olson_biome_Mediterranean_Forests,_Woodlands_&_Scrub_mesh_3_grid_zhu_sensitivity","builds/cv_models/cv_olson_biome_Mediterranean_Forests,_Woodlands_&_Scrub_mesh_3_grid_zhu_sensitivity.Rds",EVI Trend
"olson_biome_Mediterranean Forests, Woodlands & Scrub","olson_biome == 'Mediterranean Forests, Woodlands & Scrub'",160,1000,mesh_4,1057,TRUE,8,evi_coef,1,-213499.321126487,66479,-3.21153027462036,"cv_olson_biome_Mediterranean_Forests,_Woodlands_&_Scrub_mesh_4_grid_zhu_sensitivity","builds/cv_models/cv_olson_biome_Mediterranean_Forests,_Woodlands_&_Scrub_mesh_4_grid_zhu_sensitivity.Rds",EVI Trend
olson_biome_Montane Grasslands & Shrublands,olson_biome == 'Montane Grasslands & Shrublands',20,1000,mesh_1,15881,TRUE,8,evi_coef,1,-498745.335835078,172843,-2.88553968535074,cv_olson_biome_Montane_Grasslands_&_Shrublands_mesh_1_grid_zhu_sensitivity,builds/cv_models/cv_olson_biome_Montane_Grasslands_&_Shrublands_mesh_1_grid_zhu_sensitivity.Rds,EVI Trend
olson_biome_Montane Grasslands & Shrublands,olson_biome == 'Montane Grasslands & Shrublands',40,1000,mesh_2,5726,TRUE,8,evi_coef,1,-514481.165278136,172843,-2.97658085822472,cv_olson_biome_Montane_Grasslands_&_Shrublands_mesh_2_grid_zhu_sensitivity,builds/cv_models/cv_olson_biome_Montane_Grasslands_&_Shrublands_mesh_2_grid_zhu_sensitivity.Rds,EVI Trend
olson_biome_Montane Grasslands & Shrublands,olson_biome == 'Montane Grasslands & Shrublands',80,1000,mesh_3,2475,TRUE,8,evi_coef,1,-528389.02832756,172843,-3.05704615360507,cv_olson_biome_Montane_Grasslands_&_Shrublands_mesh_3_grid_zhu_sensitivity,builds/cv_models/cv_olson_biome_Montane_Grasslands_&_Shrublands_mesh_3_grid_zhu_sensitivity.Rds,EVI Trend
climatic_region_Polar,climatic_region == 'Polar',20,1000,mesh_1,17729,TRUE,8,evi_coef,1,-392475.752292419,130138,-3.01584281526087,cv_climatic_region_Polar_mesh_1_grid_zhu_sensitivity,builds/cv_models/cv_climatic_region_Polar_mesh_1_grid_zhu_sensitivity.Rds,EVI Trend
climatic_region_Polar,climatic_region == 'Polar',80,1000,mesh_3,3408,TRUE,8,evi_coef,1,-409055.810957365,130138,-3.14324648417345,cv_climatic_region_Polar_mesh_3_grid_zhu_sensitivity,builds/cv_models/cv_climatic_region_Polar_mesh_3_grid_zhu_sensitivity.Rds,EVI Trend
climatic_region_Polar,climatic_region == 'Polar',160,1000,mesh_4,1971,TRUE,8,evi_coef,1,-419124.446076021,130138,-3.22061539347478,cv_climatic_region_Polar_mesh_4_grid_zhu_sensitivity,builds/cv_models/cv_climatic_region_Polar_mesh_4_grid_zhu_sensitivity.Rds,EVI Trend
climatic_region_Polar,climatic_region == 'Polar',320,1000,mesh_5,1411,FALSE,7,evi_coef,1,-424712.108725199,130138,-3.26355183516881,cv_climatic_region_Polar_mesh_5_grid_zhu_sensitivity,builds/cv_models/cv_climatic_region_Polar_mesh_5_grid_zhu_sensitivity.Rds,EVI Trend
functional_biome_SHD,functional_biome == 'SHD',20,1000,mesh_1,8499,TRUE,8,evi_coef,1,-191840.042660027,57951,-3.31038364583919,cv_functional_biome_SHD_mesh_1_grid_zhu_sensitivity,builds/cv_models/cv_functional_biome_SHD_mesh_1_grid_zhu_sensitivity.Rds,EVI Trend
functional_biome_SHD,functional_biome == 'SHD',40,1000,mesh_2,3755,TRUE,8,evi_coef,1,-195910.41616678,57951,-3.38062183856672,cv_functional_biome_SHD_mesh_2_grid_zhu_sensitivity,builds/cv_models/cv_functional_biome_SHD_mesh_2_grid_zhu_sensitivity.Rds,EVI Trend
functional_biome_SHD,functional_biome == 'SHD',160,1000,mesh_4,1106,TRUE,8,evi_coef,1,-204299.152301383,57951,-3.52537751378548,cv_functional_biome_SHD_mesh_4_grid_zhu_sensitivity,builds/cv_models/cv_functional_biome_SHD_mesh_4_grid_zhu_sensitivity.Rds,EVI Trend
functional_biome_SHN,functional_biome == 'SHN',20,1000,mesh_1,7716,TRUE,8,evi_coef,1,-133047.250322769,37218,-3.57480924076439,cv_functional_biome_SHN_mesh_1_grid_zhu_sensitivity,builds/cv_models/cv_functional_biome_SHN_mesh_1_grid_zhu_sensitivity.Rds,EVI Trend
functional_biome_SHN,functional_biome == 'SHN',40,1000,mesh_2,3739,TRUE,8,evi_coef,1,-135648.731735949,37218,-3.64470771497525,cv_functional_biome_SHN_mesh_2_grid_zhu_sensitivity,builds/cv_models/cv_functional_biome_SHN_mesh_2_grid_zhu_sensitivity.Rds,EVI Trend
functional_biome_SHN,functional_biome == 'SHN',80,1000,mesh_3,2021,TRUE,8,evi_coef,1,-137720.275919508,37218,-3.70036745444431,cv_functional_biome_SHN_mesh_3_grid_zhu_sensitivity,builds/cv_models/cv_functional_biome_SHN_mesh_3_grid_zhu_sensitivity.Rds,EVI Trend
functional_biome_SHN,functional_biome == 'SHN',160,1000,mesh_4,1338,TRUE,8,evi_coef,1,-140058.628326261,37218,-3.76319598920579,cv_functional_biome_SHN_mesh_4_grid_zhu_sensitivity,builds/cv_models/cv_functional_biome_SHN_mesh_4_grid_zhu_sensitivity.Rds,EVI Trend
functional_biome_SHN,functional_biome == 'SHN',320,1000,mesh_5,1056,TRUE,8,evi_coef,1,-142094.830891138,37218,-3.81790614463804,cv_functional_biome_SHN_mesh_5_grid_zhu_sensitivity,builds/cv_models/cv_functional_biome_SHN_mesh_5_grid_zhu_sensitivity.Rds,EVI Trend
functional_biome_SLB,functional_biome == 'SLB',20,1000,mesh_1,31354,TRUE,8,evi_coef,5,-302802.55865262,101490,-2.98357038774875,cv_functional_biome_SLB_mesh_1_grid_zhu_sensitivity,builds/cv_models/cv_functional_biome_SLB_mesh_1_grid_zhu_sensitivity.Rds,EVI Trend
functional_biome_SLB,functional_biome == 'SLB',40,1000,mesh_2,11150,TRUE,8,evi_coef,5,-306390.736593054,101490,-3.01892537780131,cv_functional_biome_SLB_mesh_2_grid_zhu_sensitivity,builds/cv_models/cv_functional_biome_SLB_mesh_2_grid_zhu_sensitivity.Rds,EVI Trend
functional_biome_SLB,functional_biome == 'SLB',80,1000,mesh_3,4201,TRUE,8,evi_coef,5,-311839.826863997,101490,-3.07261628597888,cv_functional_biome_SLB_mesh_3_grid_zhu_sensitivity,builds/cv_models/cv_functional_biome_SLB_mesh_3_grid_zhu_sensitivity.Rds,EVI Trend
functional_biome_SLC,functional_biome == 'SLC',20,1000,mesh_1,3989,FALSE,0,evi_coef,1,-56656.2842289379,18073,-3.13485775626281,cv_functional_biome_SLC_mesh_1_grid_zhu_sensitivity,builds/cv_models/cv_functional_biome_SLC_mesh_1_grid_zhu_sensitivity.Rds,EVI Trend
functional_biome_SLC,functional_biome == 'SLC',40,1000,mesh_2,2188,TRUE,8,evi_coef,1,-57931.0613364164,18073,-3.2053926485042,cv_functional_biome_SLC_mesh_2_grid_zhu_sensitivity,builds/cv_models/cv_functional_biome_SLC_mesh_2_grid_zhu_sensitivity.Rds,EVI Trend
functional_biome_SLC,functional_biome == 'SLC',80,1000,mesh_3,1380,TRUE,8,evi_coef,1,-59073.0662057886,18073,-3.26858109919706,cv_functional_biome_SLC_mesh_3_grid_zhu_sensitivity,builds/cv_models/cv_functional_biome_SLC_mesh_3_grid_zhu_sensitivity.Rds,EVI Trend
functional_biome_SLC,functional_biome == 'SLC',160,1000,mesh_4,1053,FALSE,7,evi_coef,1,-60132.060064411,18073,-3.32717645462352,cv_functional_biome_SLC_mesh_4_grid_zhu_sensitivity,builds/cv_models/cv_functional_biome_SLC_mesh_4_grid_zhu_sensitivity.Rds,EVI Trend
functional_biome_SLD,functional_biome == 'SLD',20,1000,mesh_1,18105,TRUE,8,evi_coef,2,-284905.039552841,105218,-2.70775950457946,cv_functional_biome_SLD_mesh_1_grid_zhu_sensitivity,builds/cv_models/cv_functional_biome_SLD_mesh_1_grid_zhu_sensitivity.Rds,EVI Trend
functional_biome_SLD,functional_biome == 'SLD',40,1000,mesh_2,6966,TRUE,8,evi_coef,2,-294055.842727695,105218,-2.79472944484494,cv_functional_biome_SLD_mesh_2_grid_zhu_sensitivity,builds/cv_models/cv_functional_biome_SLD_mesh_2_grid_zhu_sensitivity.Rds,EVI Trend
functional_biome_SLD,functional_biome == 'SLD',80,1000,mesh_3,2959,TRUE,8,evi_coef,2,-304179.646626151,105218,-2.89094685915101,cv_functional_biome_SLD_mesh_3_grid_zhu_sensitivity,builds/cv_models/cv_functional_biome_SLD_mesh_3_grid_zhu_sensitivity.Rds,EVI Trend
functional_biome_SLD,functional_biome == 'SLD',160,1000,mesh_4,1601,TRUE,8,evi_coef,2,-312950.699767851,105218,-2.97430762576604,cv_functional_biome_SLD_mesh_4_grid_zhu_sensitivity,builds/cv_models/cv_functional_biome_SLD_mesh_4_grid_zhu_sensitivity.Rds,EVI Trend
functional_biome_SLN,functional_biome == 'SLN',20,1000,mesh_1,37967,TRUE,8,evi_coef,8,-253379.978500769,108167,-2.34248873039623,cv_functional_biome_SLN_mesh_1_grid_zhu_sensitivity,builds/cv_models/cv_functional_biome_SLN_mesh_1_grid_zhu_sensitivity.Rds,EVI Trend
functional_biome_SLN,functional_biome == 'SLN',40,1000,mesh_2,13804,TRUE,8,evi_coef,8,-257214.109762453,108167,-2.37793513513782,cv_functional_biome_SLN_mesh_2_grid_zhu_sensitivity,builds/cv_models/cv_functional_biome_SLN_mesh_2_grid_zhu_sensitivity.Rds,EVI Trend
functional_biome_SLN,functional_biome == 'SLN',80,1000,mesh_3,5019,TRUE,8,evi_coef,8,-264446.714943003,108167,-2.44480030825486,cv_functional_biome_SLN_mesh_3_grid_zhu_sensitivity,builds/cv_models/cv_functional_biome_SLN_mesh_3_grid_zhu_sensitivity.Rds,EVI Trend
functional_biome_SLN,functional_biome == 'SLN',320,1000,mesh_5,1333,TRUE,8,evi_coef,8,-282305.355274341,108167,-2.60990279174185,cv_functional_biome_SLN_mesh_5_grid_zhu_sensitivity,builds/cv_models/cv_functional_biome_SLN_mesh_5_grid_zhu_sensitivity.Rds,EVI Trend
functional_biome_SMB,functional_biome == 'SMB',20,1000,mesh_1,7300,TRUE,8,evi_coef,1,-135712.001359202,40961,-3.31320039450214,cv_functional_biome_SMB_mesh_1_grid_zhu_sensitivity,builds/cv_models/cv_functional_biome_SMB_mesh_1_grid_zhu_sensitivity.Rds,EVI Trend
functional_biome_SMB,functional_biome == 'SMB',40,1000,mesh_2,3596,TRUE,8,evi_coef,1,-140667.202011178,40961,-3.43417401946188,cv_functional_biome_SMB_mesh_2_grid_zhu_sensitivity,builds/cv_models/cv_functional_biome_SMB_mesh_2_grid_zhu_sensitivity.Rds,EVI Trend
functional_biome_SMB,functional_biome == 'SMB',80,1000,mesh_3,1934,TRUE,8,evi_coef,1,-143963.866381995,40961,-3.51465702453542,cv_functional_biome_SMB_mesh_3_grid_zhu_sensitivity,builds/cv_models/cv_functional_biome_SMB_mesh_3_grid_zhu_sensitivity.Rds,EVI Trend
functional_biome_SMB,functional_biome == 'SMB',320,1000,mesh_5,1046,TRUE,8,evi_coef,1,-149808.410608689,40961,-3.65734260903516,cv_functional_biome_SMB_mesh_5_grid_zhu_sensitivity,builds/cv_models/cv_functional_biome_SMB_mesh_5_grid_zhu_sensitivity.Rds,EVI Trend
functional_biome_SMD,functional_biome == 'SMD',20,1000,mesh_1,18007,TRUE,8,evi_coef,2,-305969.917050889,101929,-3.00179455357051,cv_functional_biome_SMD_mesh_1_grid_zhu_sensitivity,builds/cv_models/cv_functional_biome_SMD_mesh_1_grid_zhu_sensitivity.Rds,EVI Trend
functional_biome_SMD,functional_biome == 'SMD',40,1000,mesh_2,7213,TRUE,8,evi_coef,2,-314217.674028064,101929,-3.08271124045231,cv_functional_biome_SMD_mesh_2_grid_zhu_sensitivity,builds/cv_models/cv_functional_biome_SMD_mesh_2_grid_zhu_sensitivity.Rds,EVI Trend
functional_biome_SMD,functional_biome == 'SMD',80,1000,mesh_3,3067,TRUE,8,evi_coef,2,-322723.353289254,101929,-3.16615833854206,cv_functional_biome_SMD_mesh_3_grid_zhu_sensitivity,builds/cv_models/cv_functional_biome_SMD_mesh_3_grid_zhu_sensitivity.Rds,EVI Trend
functional_biome_SMN,functional_biome == 'SMN',40,1000,mesh_2,4140,TRUE,8,evi_coef,1,-170979.716620683,55898,-3.05878057570366,cv_functional_biome_SMN_mesh_2_grid_zhu_sensitivity,builds/cv_models/cv_functional_biome_SMN_mesh_2_grid_zhu_sensitivity.Rds,EVI Trend
functional_biome_SMN,functional_biome == 'SMN',80,1000,mesh_3,2263,TRUE,8,evi_coef,1,-176069.356348458,55898,-3.14983284461803,cv_functional_biome_SMN_mesh_3_grid_zhu_sensitivity,builds/cv_models/cv_functional_biome_SMN_mesh_3_grid_zhu_sensitivity.Rds,EVI Trend
functional_biome_SMN,functional_biome == 'SMN',160,1000,mesh_4,1570,TRUE,8,evi_coef,1,-180640.10631026,55898,-3.23160231690329,cv_functional_biome_SMN_mesh_4_grid_zhu_sensitivity,builds/cv_models/cv_functional_biome_SMN_mesh_4_grid_zhu_sensitivity.Rds,EVI Trend
functional_biome_THB,functional_biome == 'THB',20,1000,mesh_1,2225,TRUE,8,evi_coef,1,-42577.0026345042,12858,-3.31132389442403,cv_functional_biome_THB_mesh_1_grid_zhu_sensitivity,builds/cv_models/cv_functional_biome_THB_mesh_1_grid_zhu_sensitivity.Rds,EVI Trend
functional_biome_THB,functional_biome == 'THB',40,1000,mesh_2,1205,TRUE,8,evi_coef,1,-43511.0888657624,12858,-3.3839702026569,cv_functional_biome_THB_mesh_2_grid_zhu_sensitivity,builds/cv_models/cv_functional_biome_THB_mesh_2_grid_zhu_sensitivity.Rds,EVI Trend
functional_biome_THB,functional_biome == 'THB',160,1000,mesh_4,616,TRUE,8,evi_coef,1,-45333.5300235803,12858,-3.52570617697778,cv_functional_biome_THB_mesh_4_grid_zhu_sensitivity,builds/cv_models/cv_functional_biome_THB_mesh_4_grid_zhu_sensitivity.Rds,EVI Trend
functional_biome_THD,functional_biome == 'THD',20,1000,mesh_1,22300,TRUE,8,evi_coef,3,-360222.1240318,105652,-3.40951542830992,cv_functional_biome_THD_mesh_1_grid_zhu_sensitivity,builds/cv_models/cv_functional_biome_THD_mesh_1_grid_zhu_sensitivity.Rds,EVI Trend
functional_biome_THD,functional_biome == 'THD',40,1000,mesh_2,8293,TRUE,8,evi_coef,3,-366670.062969256,105652,-3.47054540348745,cv_functional_biome_THD_mesh_2_grid_zhu_sensitivity,builds/cv_models/cv_functional_biome_THD_mesh_2_grid_zhu_sensitivity.Rds,EVI Trend
functional_biome_THD,functional_biome == 'THD',160,1000,mesh_4,1536,TRUE,8,evi_coef,3,-382222.740503303,105652,-3.61775205867662,cv_functional_biome_THD_mesh_4_grid_zhu_sensitivity,builds/cv_models/cv_functional_biome_THD_mesh_4_grid_zhu_sensitivity.Rds,EVI Trend
functional_biome_THD,functional_biome == 'THD',320,1000,mesh_5,977,TRUE,8,evi_coef,3,-389050.667109536,105652,-3.68237863087813,cv_functional_biome_THD_mesh_5_grid_zhu_sensitivity,builds/cv_models/cv_functional_biome_THD_mesh_5_grid_zhu_sensitivity.Rds,EVI Trend
functional_biome_THN,functional_biome == 'THN',20,1000,mesh_1,34185,TRUE,8,evi_coef,6,-355211.653232884,100203,-3.54492034403045,cv_functional_biome_THN_mesh_1_grid_zhu_sensitivity,builds/cv_models/cv_functional_biome_THN_mesh_1_grid_zhu_sensitivity.Rds,EVI Trend
functional_biome_THN,functional_biome == 'THN',40,1000,mesh_2,12612,TRUE,8,evi_coef,6,-359223.122385786,100203,-3.58495376770941,cv_functional_biome_THN_mesh_2_grid_zhu_sensitivity,builds/cv_models/cv_functional_biome_THN_mesh_2_grid_zhu_sensitivity.Rds,EVI Trend
functional_biome_THN,functional_biome == 'THN',320,1000,mesh_5,1236,TRUE,8,evi_coef,6,-375237.455831693,100203,-3.74477266979725,cv_functional_biome_THN_mesh_5_grid_zhu_sensitivity,builds/cv_models/cv_functional_biome_THN_mesh_5_grid_zhu_sensitivity.Rds,EVI Trend
functional_biome_TLB,functional_biome == 'TLB',20,1000,mesh_1,19738,TRUE,8,evi_coef,3,-373195.41580142,100397,-3.71719688637529,cv_functional_biome_TLB_mesh_1_grid_zhu_sensitivity,builds/cv_models/cv_functional_biome_TLB_mesh_1_grid_zhu_sensitivity.Rds,EVI Trend
functional_biome_TLB,functional_biome == 'TLB',40,1000,mesh_2,7148,TRUE,8,evi_coef,3,-379921.338501456,100397,-3.78419015011859,cv_functional_biome_TLB_mesh_2_grid_zhu_sensitivity,builds/cv_models/cv_functional_biome_TLB_mesh_2_grid_zhu_sensitivity.Rds,EVI Trend
functional_biome_TLB,functional_biome == 'TLB',80,1000,mesh_3,2520,TRUE,8,evi_coef,3,-385711.311079697,100397,-3.84186092293292,cv_functional_biome_TLB_mesh_3_grid_zhu_sensitivity,builds/cv_models/cv_functional_biome_TLB_mesh_3_grid_zhu_sensitivity.Rds,EVI Trend
functional_biome_TLB,functional_biome == 'TLB',160,1000,mesh_4,1096,TRUE,8,evi_coef,3,-390060.29197716,100397,-3.88517876009402,cv_functional_biome_TLB_mesh_4_grid_zhu_sensitivity,builds/cv_models/cv_functional_biome_TLB_mesh_4_grid_zhu_sensitivity.Rds,EVI Trend
functional_biome_TLB,functional_biome == 'TLB',320,1000,mesh_5,627,TRUE,8,evi_coef,3,-393835.06106721,100397,-3.92277718524667,cv_functional_biome_TLB_mesh_5_grid_zhu_sensitivity,builds/cv_models/cv_functional_biome_TLB_mesh_5_grid_zhu_sensitivity.Rds,EVI Trend
functional_biome_TLC,functional_biome == 'TLC',20,1000,mesh_1,5649,TRUE,8,evi_coef,1,-150495.528951461,41852,-3.59589813990876,cv_functional_biome_TLC_mesh_1_grid_zhu_sensitivity,builds/cv_models/cv_functional_biome_TLC_mesh_1_grid_zhu_sensitivity.Rds,EVI Trend
functional_biome_TLC,functional_biome == 'TLC',80,1000,mesh_3,1546,TRUE,8,evi_coef,1,-157603.118119275,41852,-3.76572489054943,cv_functional_biome_TLC_mesh_3_grid_zhu_sensitivity,builds/cv_models/cv_functional_biome_TLC_mesh_3_grid_zhu_sensitivity.Rds,EVI Trend
functional_biome_TLC,functional_biome == 'TLC',160,1000,mesh_4,1091,TRUE,8,evi_coef,1,-159658.756657092,41852,-3.81484174369427,cv_functional_biome_TLC_mesh_4_grid_zhu_sensitivity,builds/cv_models/cv_functional_biome_TLC_mesh_4_grid_zhu_sensitivity.Rds,EVI Trend
functional_biome_TMB,functional_biome == 'TMB',20,1000,mesh_1,19551,TRUE,8,evi_coef,2,-394001.464661146,110972,-3.55045835581179,cv_functional_biome_TMB_mesh_1_grid_zhu_sensitivity,builds/cv_models/cv_functional_biome_TMB_mesh_1_grid_zhu_sensitivity.Rds,EVI Trend
functional_biome_TMB,functional_biome == 'TMB',40,1000,mesh_2,7581,TRUE,8,evi_coef,2,-402053.095528181,110972,-3.62301387312278,cv_functional_biome_TMB_mesh_2_grid_zhu_sensitivity,builds/cv_models/cv_functional_biome_TMB_mesh_2_grid_zhu_sensitivity.Rds,EVI Trend
functional_biome_TMB,functional_biome == 'TMB',160,1000,mesh_4,1573,TRUE,8,evi_coef,2,-416469.438253473,110972,-3.75292360463426,cv_functional_biome_TMB_mesh_4_grid_zhu_sensitivity,builds/cv_models/cv_functional_biome_TMB_mesh_4_grid_zhu_sensitivity.Rds,EVI Trend
functional_biome_TMC,functional_biome == 'TMC',20,1000,mesh_1,17977,TRUE,8,evi_coef,2,-391353.957312583,112526,-3.4778980618931,cv_functional_biome_TMC_mesh_1_grid_zhu_sensitivity,builds/cv_models/cv_functional_biome_TMC_mesh_1_grid_zhu_sensitivity.Rds,EVI Trend
functional_biome_TMC,functional_biome == 'TMC',40,1000,mesh_2,6792,TRUE,8,evi_coef,2,-399187.112259,112526,-3.54751001776478,cv_functional_biome_TMC_mesh_2_grid_zhu_sensitivity,builds/cv_models/cv_functional_biome_TMC_mesh_2_grid_zhu_sensitivity.Rds,EVI Trend
functional_biome_TMC,functional_biome == 'TMC',80,1000,mesh_3,2839,TRUE,8,evi_coef,2,-407078.698876234,112526,-3.61764124625628,cv_functional_biome_TMC_mesh_3_grid_zhu_sensitivity,builds/cv_models/cv_functional_biome_TMC_mesh_3_grid_zhu_sensitivity.Rds,EVI Trend
functional_biome_TMC,functional_biome == 'TMC',320,1000,mesh_5,1073,TRUE,8,evi_coef,2,-420523.6556372,112526,-3.73712435914544,cv_functional_biome_TMC_mesh_5_grid_zhu_sensitivity,builds/cv_models/cv_functional_biome_TMC_mesh_5_grid_zhu_sensitivity.Rds,EVI Trend
functional_biome_TMD,functional_biome == 'TMD',20,1000,mesh_1,10076,TRUE,8,evi_coef,1,-200859.641046553,62301,-3.22401953494412,cv_functional_biome_TMD_mesh_1_grid_zhu_sensitivity,builds/cv_models/cv_functional_biome_TMD_mesh_1_grid_zhu_sensitivity.Rds,EVI Trend
functional_biome_TMD,functional_biome == 'TMD',40,1000,mesh_2,4762,TRUE,8,evi_coef,1,-206354.464645259,62301,-3.31221753495543,cv_functional_biome_TMD_mesh_2_grid_zhu_sensitivity,builds/cv_models/cv_functional_biome_TMD_mesh_2_grid_zhu_sensitivity.Rds,EVI Trend
functional_biome_TMN,functional_biome == 'TMN',20,1000,mesh_1,11991,TRUE,8,evi_coef,1,-298883.249266006,88710,-3.36921710366369,cv_functional_biome_TMN_mesh_1_grid_zhu_sensitivity,builds/cv_models/cv_functional_biome_TMN_mesh_1_grid_zhu_sensitivity.Rds,EVI Trend
functional_biome_TMN,functional_biome == 'TMN',40,1000,mesh_2,5260,TRUE,8,evi_coef,1,-308519.35027768,88710,-3.47784184734167,cv_functional_biome_TMN_mesh_2_grid_zhu_sensitivity,builds/cv_models/cv_functional_biome_TMN_mesh_2_grid_zhu_sensitivity.Rds,EVI Trend
functional_biome_TMN,functional_biome == 'TMN',80,1000,mesh_3,2579,TRUE,8,evi_coef,1,-316001.62404357,88710,-3.56218717217416,cv_functional_biome_TMN_mesh_3_grid_zhu_sensitivity,builds/cv_models/cv_functional_biome_TMN_mesh_3_grid_zhu_sensitivity.Rds,EVI Trend
climatic_region_Temperate,climatic_region == 'Temperate',20,1000,mesh_1,31642,TRUE,8,evi_coef,3,-407598.833482423,122233,-3.33460549509889,cv_climatic_region_Temperate_mesh_1_grid_zhu_sensitivity,builds/cv_models/cv_climatic_region_Temperate_mesh_1_grid_zhu_sensitivity.Rds,EVI Trend
climatic_region_Temperate,climatic_region == 'Temperate',40,1000,mesh_2,12581,TRUE,8,evi_coef,3,-413579.095598109,122233,-3.38353059810451,cv_climatic_region_Temperate_mesh_2_grid_zhu_sensitivity,builds/cv_models/cv_climatic_region_Temperate_mesh_2_grid_zhu_sensitivity.Rds,EVI Trend
climatic_region_Temperate,climatic_region == 'Temperate',320,1000,mesh_5,1475,TRUE,8,evi_coef,3,-437862.014729616,122233,-3.58219150908196,cv_climatic_region_Temperate_mesh_5_grid_zhu_sensitivity,builds/cv_models/cv_climatic_region_Temperate_mesh_5_grid_zhu_sensitivity.Rds,EVI Trend
olson_biome_Temperate Broadleaf & Mixed Forests,olson_biome == 'Temperate Broadleaf & Mixed Forests',20,1000,mesh_1,21049,TRUE,8,evi_coef,2,-364667.806408803,112444,-3.24310595859986,cv_olson_biome_Temperate_Broadleaf_&_Mixed_Forests_mesh_1_grid_zhu_sensitivity,builds/cv_models/cv_olson_biome_Temperate_Broadleaf_&_Mixed_Forests_mesh_1_grid_zhu_sensitivity.Rds,EVI Trend
olson_biome_Temperate Broadleaf & Mixed Forests,olson_biome == 'Temperate Broadleaf & Mixed Forests',40,1000,mesh_2,8379,TRUE,8,evi_coef,2,-372318.392975664,112444,-3.31114504087069,cv_olson_biome_Temperate_Broadleaf_&_Mixed_Forests_mesh_2_grid_zhu_sensitivity,builds/cv_models/cv_olson_biome_Temperate_Broadleaf_&_Mixed_Forests_mesh_2_grid_zhu_sensitivity.Rds,EVI Trend
olson_biome_Temperate Conifer Forests,olson_biome == 'Temperate Conifer Forests',20,1000,mesh_1,13106,TRUE,8,evi_coef,1,-461453.026984933,133664,-3.45233590933186,cv_olson_biome_Temperate_Conifer_Forests_mesh_1_grid_zhu_sensitivity,builds/cv_models/cv_olson_biome_Temperate_Conifer_Forests_mesh_1_grid_zhu_sensitivity.Rds,EVI Trend
olson_biome_Temperate Conifer Forests,olson_biome == 'Temperate Conifer Forests',40,1000,mesh_2,4753,TRUE,8,evi_coef,1,-474428.389118256,133664,-3.54941038064292,cv_olson_biome_Temperate_Conifer_Forests_mesh_2_grid_zhu_sensitivity,builds/cv_models/cv_olson_biome_Temperate_Conifer_Forests_mesh_2_grid_zhu_sensitivity.Rds,EVI Trend
olson_biome_Temperate Conifer Forests,olson_biome == 'Temperate Conifer Forests',80,1000,mesh_3,1918,TRUE,8,evi_coef,1,-484191.14939631,133664,-3.62244994460969,cv_olson_biome_Temperate_Conifer_Forests_mesh_3_grid_zhu_sensitivity,builds/cv_models/cv_olson_biome_Temperate_Conifer_Forests_mesh_3_grid_zhu_sensitivity.Rds,EVI Trend
olson_biome_Temperate Conifer Forests,olson_biome == 'Temperate Conifer Forests',160,1000,mesh_4,938,FALSE,5,evi_coef,1,-492516.296905729,133664,-3.68473408625904,cv_olson_biome_Temperate_Conifer_Forests_mesh_4_grid_zhu_sensitivity,builds/cv_models/cv_olson_biome_Temperate_Conifer_Forests_mesh_4_grid_zhu_sensitivity.Rds,EVI Trend
olson_biome_Temperate Conifer Forests,olson_biome == 'Temperate Conifer Forests',320,1000,mesh_5,613,FALSE,7,evi_coef,1,-498733.372255179,133664,-3.73124679985021,cv_olson_biome_Temperate_Conifer_Forests_mesh_5_grid_zhu_sensitivity,builds/cv_models/cv_olson_biome_Temperate_Conifer_Forests_mesh_5_grid_zhu_sensitivity.Rds,EVI Trend
"olson_biome_Temperate Grasslands, Savannas & Shrublands","olson_biome == 'Temperate Grasslands, Savannas & Shrublands'",20,1000,mesh_1,16777,TRUE,8,evi_coef,2,-298462.582297043,102746,-2.90485841100425,"cv_olson_biome_Temperate_Grasslands,_Savannas_&_Shrublands_mesh_1_grid_zhu_sensitivity","builds/cv_models/cv_olson_biome_Temperate_Grasslands,_Savannas_&_Shrublands_mesh_1_grid_zhu_sensitivity.Rds",EVI Trend
"olson_biome_Temperate Grasslands, Savannas & Shrublands","olson_biome == 'Temperate Grasslands, Savannas & Shrublands'",40,1000,mesh_2,6543,TRUE,8,evi_coef,2,-305174.193072069,102746,-2.97018076686264,"cv_olson_biome_Temperate_Grasslands,_Savannas_&_Shrublands_mesh_2_grid_zhu_sensitivity","builds/cv_models/cv_olson_biome_Temperate_Grasslands,_Savannas_&_Shrublands_mesh_2_grid_zhu_sensitivity.Rds",EVI Trend
"olson_biome_Temperate Grasslands, Savannas & Shrublands","olson_biome == 'Temperate Grasslands, Savannas & Shrublands'",80,1000,mesh_3,2919,TRUE,8,evi_coef,2,-313531.264681827,102746,-3.05151796353948,"cv_olson_biome_Temperate_Grasslands,_Savannas_&_Shrublands_mesh_3_grid_zhu_sensitivity","builds/cv_models/cv_olson_biome_Temperate_Grasslands,_Savannas_&_Shrublands_mesh_3_grid_zhu_sensitivity.Rds",EVI Trend
"olson_biome_Temperate Grasslands, Savannas & Shrublands","olson_biome == 'Temperate Grasslands, Savannas & Shrublands'",160,1000,mesh_4,1651,TRUE,8,evi_coef,2,-321947.914342358,102746,-3.13343501783386,"cv_olson_biome_Temperate_Grasslands,_Savannas_&_Shrublands_mesh_4_grid_zhu_sensitivity","builds/cv_models/cv_olson_biome_Temperate_Grasslands,_Savannas_&_Shrublands_mesh_4_grid_zhu_sensitivity.Rds",EVI Trend
"olson_biome_Temperate Grasslands, Savannas & Shrublands","olson_biome == 'Temperate Grasslands, Savannas & Shrublands'",320,1000,mesh_5,1235,TRUE,8,evi_coef,2,-331261.216563552,102746,-3.22407895746357,"cv_olson_biome_Temperate_Grasslands,_Savannas_&_Shrublands_mesh_5_grid_zhu_sensitivity","builds/cv_models/cv_olson_biome_Temperate_Grasslands,_Savannas_&_Shrublands_mesh_5_grid_zhu_sensitivity.Rds",EVI Trend
climatic_region_Tropical,climatic_region == 'Tropical',20,1000,mesh_1,40951,TRUE,8,evi_coef,8,-383681.903397721,107762,-3.5604564076179,cv_climatic_region_Tropical_mesh_1_grid_zhu_sensitivity,builds/cv_models/cv_climatic_region_Tropical_mesh_1_grid_zhu_sensitivity.Rds,EVI Trend
climatic_region_Tropical,climatic_region == 'Tropical',40,1000,mesh_2,15388,TRUE,8,evi_coef,8,-386707.830534801,107762,-3.58853613086989,cv_climatic_region_Tropical_mesh_2_grid_zhu_sensitivity,builds/cv_models/cv_climatic_region_Tropical_mesh_2_grid_zhu_sensitivity.Rds,EVI Trend
climatic_region_Tropical,climatic_region == 'Tropical',320,1000,mesh_5,1006,TRUE,8,evi_coef,8,-404917.70272984,107762,-3.75751844555447,cv_climatic_region_Tropical_mesh_5_grid_zhu_sensitivity,builds/cv_models/cv_climatic_region_Tropical_mesh_5_grid_zhu_sensitivity.Rds,EVI Trend
olson_biome_Tropical & Subtropical Coniferous Forests,olson_biome == 'Tropical & Subtropical Coniferous Forests',20,1000,mesh_1,3422,TRUE,8,evi_coef,1,-68195.9699231805,22511,-3.02945093168586,cv_olson_biome_Tropical_&_Subtropical_Coniferous_Forests_mesh_1_grid_zhu_sensitivity,builds/cv_models/cv_olson_biome_Tropical_&_Subtropical_Coniferous_Forests_mesh_1_grid_zhu_sensitivity.Rds,EVI Trend
olson_biome_Tropical & Subtropical Coniferous Forests,olson_biome == 'Tropical & Subtropical Coniferous Forests',80,1000,mesh_3,886,TRUE,8,evi_coef,1,-72213.8332336351,22511,-3.20793537531141,cv_olson_biome_Tropical_&_Subtropical_Coniferous_Forests_mesh_3_grid_zhu_sensitivity,builds/cv_models/cv_olson_biome_Tropical_&_Subtropical_Coniferous_Forests_mesh_3_grid_zhu_sensitivity.Rds,EVI Trend
olson_biome_Tropical & Subtropical Dry Broadleaf Forests,olson_biome == 'Tropical & Subtropical Dry Broadleaf Forests',20,1000,mesh_1,6894,TRUE,8,evi_coef,1,-162975.093160408,48077,-3.38987651393406,cv_olson_biome_Tropical_&_Subtropical_Dry_Broadleaf_Forests_mesh_1_grid_zhu_sensitivity,builds/cv_models/cv_olson_biome_Tropical_&_Subtropical_Dry_Broadleaf_Forests_mesh_1_grid_zhu_sensitivity.Rds,EVI Trend
olson_biome_Tropical & Subtropical Dry Broadleaf Forests,olson_biome == 'Tropical & Subtropical Dry Broadleaf Forests',40,1000,mesh_2,3017,TRUE,8,evi_coef,1,-168183.119072062,48077,-3.49820327957364,cv_olson_biome_Tropical_&_Subtropical_Dry_Broadleaf_Forests_mesh_2_grid_zhu_sensitivity,builds/cv_models/cv_olson_biome_Tropical_&_Subtropical_Dry_Broadleaf_Forests_mesh_2_grid_zhu_sensitivity.Rds,EVI Trend
olson_biome_Tropical & Subtropical Dry Broadleaf Forests,olson_biome == 'Tropical & Subtropical Dry Broadleaf Forests',320,1000,mesh_5,659,TRUE,8,evi_coef,1,-177661.16451102,48077,-3.69534630927512,cv_olson_biome_Tropical_&_Subtropical_Dry_Broadleaf_Forests_mesh_5_grid_zhu_sensitivity,builds/cv_models/cv_olson_biome_Tropical_&_Subtropical_Dry_Broadleaf_Forests_mesh_5_grid_zhu_sensitivity.Rds,EVI Trend
"olson_biome_Tropical & Subtropical Grasslands, Savannas & Shrublands","olson_biome == 'Tropical & Subtropical Grasslands, Savannas & Shrublands'",20,1000,mesh_1,33015,TRUE,8,evi_coef,6,-343644.445388582,107340,-3.20145747520572,"cv_olson_biome_Tropical_&_Subtropical_Grasslands,_Savannas_&_Shrublands_mesh_1_grid_zhu_sensitivity","builds/cv_models/cv_olson_biome_Tropical_&_Subtropical_Grasslands,_Savannas_&_Shrublands_mesh_1_grid_zhu_sensitivity.Rds",EVI Trend
"olson_biome_Tropical & Subtropical Grasslands, Savannas & Shrublands","olson_biome == 'Tropical & Subtropical Grasslands, Savannas & Shrublands'",40,1000,mesh_2,11673,TRUE,8,evi_coef,6,-348471.382264328,107340,-3.246426143696,"cv_olson_biome_Tropical_&_Subtropical_Grasslands,_Savannas_&_Shrublands_mesh_2_grid_zhu_sensitivity","builds/cv_models/cv_olson_biome_Tropical_&_Subtropical_Grasslands,_Savannas_&_Shrublands_mesh_2_grid_zhu_sensitivity.Rds",EVI Trend
"olson_biome_Tropical & Subtropical Grasslands, Savannas & Shrublands","olson_biome == 'Tropical & Subtropical Grasslands, Savannas & Shrublands'",160,1000,mesh_4,1691,TRUE,8,evi_coef,6,-363213.558344806,107340,-3.38376707979137,"cv_olson_biome_Tropical_&_Subtropical_Grasslands,_Savannas_&_Shrublands_mesh_4_grid_zhu_sensitivity","builds/cv_models/cv_olson_biome_Tropical_&_Subtropical_Grasslands,_Savannas_&_Shrublands_mesh_4_grid_zhu_sensitivity.Rds",EVI Trend
"olson_biome_Tropical & Subtropical Grasslands, Savannas & Shrublands","olson_biome == 'Tropical & Subtropical Grasslands, Savannas & Shrublands'",320,1000,mesh_5,915,TRUE,8,evi_coef,6,-369782.537972091,107340,-3.44496495222742,"cv_olson_biome_Tropical_&_Subtropical_Grasslands,_Savannas_&_Shrublands_mesh_5_grid_zhu_sensitivity","builds/cv_models/cv_olson_biome_Tropical_&_Subtropical_Grasslands,_Savannas_&_Shrublands_mesh_5_grid_zhu_sensitivity.Rds",EVI Trend
olson_biome_Tropical & Subtropical Moist Broadleaf Forests,olson_biome == 'Tropical & Subtropical Moist Broadleaf Forests',20,1000,mesh_1,35856,TRUE,8,evi_coef,5,-424446.293059436,119158,-3.56204613252518,cv_olson_biome_Tropical_&_Subtropical_Moist_Broadleaf_Forests_mesh_1_grid_zhu_sensitivity,builds/cv_models/cv_olson_biome_Tropical_&_Subtropical_Moist_Broadleaf_Forests_mesh_1_grid_zhu_sensitivity.Rds,EVI Trend
olson_biome_Tropical & Subtropical Moist Broadleaf Forests,olson_biome == 'Tropical & Subtropical Moist Broadleaf Forests',40,1000,mesh_2,12653,TRUE,8,evi_coef,5,-430225.018953195,119158,-3.610542464234,cv_olson_biome_Tropical_&_Subtropical_Moist_Broadleaf_Forests_mesh_2_grid_zhu_sensitivity,builds/cv_models/cv_olson_biome_Tropical_&_Subtropical_Moist_Broadleaf_Forests_mesh_2_grid_zhu_sensitivity.Rds,EVI Trend
olson_biome_Tropical & Subtropical Moist Broadleaf Forests,olson_biome == 'Tropical & Subtropical Moist Broadleaf Forests',80,1000,mesh_3,4567,TRUE,8,evi_coef,5,-437196.900790564,119158,-3.6690520216063,cv_olson_biome_Tropical_&_Subtropical_Moist_Broadleaf_Forests_mesh_3_grid_zhu_sensitivity,builds/cv_models/cv_olson_biome_Tropical_&_Subtropical_Moist_Broadleaf_Forests_mesh_3_grid_zhu_sensitivity.Rds,EVI Trend
olson_biome_Tropical & Subtropical Moist Broadleaf Forests,olson_biome == 'Tropical & Subtropical Moist Broadleaf Forests',160,1000,mesh_4,1909,TRUE,8,evi_coef,5,-444594.815043882,119158,-3.73113693620136,cv_olson_biome_Tropical_&_Subtropical_Moist_Broadleaf_Forests_mesh_4_grid_zhu_sensitivity,builds/cv_models/cv_olson_biome_Tropical_&_Subtropical_Moist_Broadleaf_Forests_mesh_4_grid_zhu_sensitivity.Rds,EVI Trend
olson_biome_Tundra,olson_biome == 'Tundra',20,1000,mesh_1,16187,TRUE,8,evi_coef,1,-584624.949642724,181287,-3.22485864757387,cv_olson_biome_Tundra_mesh_1_grid_zhu_sensitivity,builds/cv_models/cv_olson_biome_Tundra_mesh_1_grid_zhu_sensitivity.Rds,EVI Trend
olson_biome_Tundra,olson_biome == 'Tundra',160,1000,mesh_4,839,TRUE,8,evi_coef,1,-633154.08530594,181287,-3.49255095680297,cv_olson_biome_Tundra_mesh_4_grid_zhu_sensitivity,builds/cv_models/cv_olson_biome_Tundra_mesh_4_grid_zhu_sensitivity.Rds,EVI Trend
olson_biome_Tundra,olson_biome == 'Tundra',320,1000,mesh_5,468,TRUE,8,evi_coef,1,-643731.495096259,181287,-3.55089716910898,cv_olson_biome_Tundra_mesh_5_grid_zhu_sensitivity,builds/cv_models/cv_olson_biome_Tundra_mesh_5_grid_zhu_sensitivity.Rds,EVI Trend
super_biome_cold_short,super_biome == 'cold_short',20,1000,mesh_1,36815,TRUE,8,evi_coef,5,-353425.105827943,115060,-3.07165918501602,cv_super_biome_cold_short_mesh_1_grid_zhu_sensitivity,builds/cv_models/cv_super_biome_cold_short_mesh_1_grid_zhu_sensitivity.Rds,EVI Trend
super_biome_cold_short,super_biome == 'cold_short',40,1000,mesh_2,13427,TRUE,8,evi_coef,5,-357359.698912454,115060,-3.1058551965275,cv_super_biome_cold_short_mesh_2_grid_zhu_sensitivity,builds/cv_models/cv_super_biome_cold_short_mesh_2_grid_zhu_sensitivity.Rds,EVI Trend
super_biome_cold_short,super_biome == 'cold_short',160,1000,mesh_4,2403,TRUE,8,evi_coef,5,-371918.041984069,115060,-3.23238346935572,cv_super_biome_cold_short_mesh_4_grid_zhu_sensitivity,builds/cv_models/cv_super_biome_cold_short_mesh_4_grid_zhu_sensitivity.Rds,EVI Trend
super_biome_cold_short,super_biome == 'cold_short',320,1000,mesh_5,1454,TRUE,8,evi_coef,5,-378472.885231749,115060,-3.2893523833804,cv_super_biome_cold_short_mesh_5_grid_zhu_sensitivity,builds/cv_models/cv_super_biome_cold_short_mesh_5_grid_zhu_sensitivity.Rds,EVI Trend
super_biome_cold_tall,super_biome == 'cold_tall',20,1000,mesh_1,39552,TRUE,8,evi_coef,8,-374407.720146265,101025,-3.70608978120529,cv_super_biome_cold_tall_mesh_1_grid_zhu_sensitivity,builds/cv_models/cv_super_biome_cold_tall_mesh_1_grid_zhu_sensitivity.Rds,EVI Trend
super_biome_cold_tall,super_biome == 'cold_tall',40,1000,mesh_2,14932,TRUE,8,evi_coef,8,-377336.197165932,101025,-3.73507742802209,cv_super_biome_cold_tall_mesh_2_grid_zhu_sensitivity,builds/cv_models/cv_super_biome_cold_tall_mesh_2_grid_zhu_sensitivity.Rds,EVI Trend
super_biome_cold_tall,super_biome == 'cold_tall',80,1000,mesh_3,5455,TRUE,8,evi_coef,8,-381170.905227717,101025,-3.77303543902714,cv_super_biome_cold_tall_mesh_3_grid_zhu_sensitivity,builds/cv_models/cv_super_biome_cold_tall_mesh_3_grid_zhu_sensitivity.Rds,EVI Trend
super_biome_cold_tall,super_biome == 'cold_tall',160,1000,mesh_4,2280,TRUE,8,evi_coef,8,-385206.249099529,101025,-3.81297945161623,cv_super_biome_cold_tall_mesh_4_grid_zhu_sensitivity,builds/cv_models/cv_super_biome_cold_tall_mesh_4_grid_zhu_sensitivity.Rds,EVI Trend
super_biome_not_cold_short,super_biome == 'not_cold_short',20,1000,mesh_1,53336,TRUE,8,evi_coef,14,-297606.623778273,102193,-2.91220165547809,cv_super_biome_not_cold_short_mesh_1_grid_zhu_sensitivity,builds/cv_models/cv_super_biome_not_cold_short_mesh_1_grid_zhu_sensitivity.Rds,EVI Trend
super_biome_not_cold_short,super_biome == 'not_cold_short',40,1000,mesh_2,21282,TRUE,8,evi_coef,14,-297472.36427696,102193,-2.91088787174229,cv_super_biome_not_cold_short_mesh_2_grid_zhu_sensitivity,builds/cv_models/cv_super_biome_not_cold_short_mesh_2_grid_zhu_sensitivity.Rds,EVI Trend
super_biome_not_cold_short,super_biome == 'not_cold_short',80,1000,mesh_3,8064,TRUE,8,evi_coef,14,-301354.298407213,102193,-2.9488741734484,cv_super_biome_not_cold_short_mesh_3_grid_zhu_sensitivity,builds/cv_models/cv_super_biome_not_cold_short_mesh_3_grid_zhu_sensitivity.Rds,EVI Trend
super_biome_not_cold_short,super_biome == 'not_cold_short',160,1000,mesh_4,3310,TRUE,8,evi_coef,14,-307104.312365073,102193,-3.00514039479292,cv_super_biome_not_cold_short_mesh_4_grid_zhu_sensitivity,builds/cv_models/cv_super_biome_not_cold_short_mesh_4_grid_zhu_sensitivity.Rds,EVI Trend
super_biome_not_cold_short,super_biome == 'not_cold_short',320,1000,mesh_5,1709,TRUE,8,evi_coef,14,-314198.782081388,102193,-3.07456266164403,cv_super_biome_not_cold_short_mesh_5_grid_zhu_sensitivity,builds/cv_models/cv_super_biome_not_cold_short_mesh_5_grid_zhu_sensitivity.Rds,EVI Trend
super_biome_not_cold_tall,super_biome == 'not_cold_tall',20,1000,mesh_1,50159,TRUE,8,evi_coef,10,-386344.932061346,108606,-3.55730744214267,cv_super_biome_not_cold_tall_mesh_1_grid_zhu_sensitivity,builds/cv_models/cv_super_biome_not_cold_tall_mesh_1_grid_zhu_sensitivity.Rds,EVI Trend
super_biome_not_cold_tall,super_biome == 'not_cold_tall',40,1000,mesh_2,19849,TRUE,8,evi_coef,10,-388408.61560101,108606,-3.57630900319513,cv_super_biome_not_cold_tall_mesh_2_grid_zhu_sensitivity,builds/cv_models/cv_super_biome_not_cold_tall_mesh_2_grid_zhu_sensitivity.Rds,EVI Trend
super_biome_not_cold_tall,super_biome == 'not_cold_tall',80,1000,mesh_3,7282,TRUE,8,evi_coef,10,-393535.322955108,108606,-3.62351364524158,cv_super_biome_not_cold_tall_mesh_3_grid_zhu_sensitivity,builds/cv_models/cv_super_biome_not_cold_tall_mesh_3_grid_zhu_sensitivity.Rds,EVI Trend
super_biome_not_cold_tall,super_biome == 'not_cold_tall',160,1000,mesh_4,3016,TRUE,8,evi_coef,10,-399343.704052913,108606,-3.67699486264952,cv_super_biome_not_cold_tall_mesh_4_grid_zhu_sensitivity,builds/cv_models/cv_super_biome_not_cold_tall_mesh_4_grid_zhu_sensitivity.Rds,EVI Trend
super_biome_not_cold_tall,super_biome == 'not_cold_tall',320,1000,mesh_5,1586,TRUE,8,evi_coef,10,-404817.179914542,108606,-3.72739240847229,cv_super_biome_not_cold_tall_mesh_5_grid_zhu_sensitivity,builds/cv_models/cv_super_biome_not_cold_tall_mesh_5_grid_zhu_sensitivity.Rds,EVI Trend
full_dataset_yes,full_dataset == 'yes',20,1000,mesh_1,155543,TRUE,8,evi_coef,10,-1323890.05123727,390024,-3.39438098998337,cv_full_dataset_yes_mesh_1_grid_zhu_sensitivity,builds/cv_models/cv_full_dataset_yes_mesh_1_grid_zhu_sensitivity.Rds,EVI Trend
full_dataset_yes,full_dataset == 'yes',40,1000,mesh_2,57754,TRUE,8,evi_coef,10,-1332538.07286553,390024,-3.41655403991942,cv_full_dataset_yes_mesh_2_grid_zhu_sensitivity,builds/cv_models/cv_full_dataset_yes_mesh_2_grid_zhu_sensitivity.Rds,EVI Trend
full_dataset_yes,full_dataset == 'yes',320,1000,mesh_5,2331,FALSE,7,evi_coef,10,-1393889.02132582,390024,-3.57385448414924,cv_full_dataset_yes_mesh_5_grid_zhu_sensitivity,builds/cv_models/cv_full_dataset_yes_mesh_5_grid_zhu_sensitivity.Rds,EVI Trend
