term,estimate,std.error,conf.low,conf.high,sig,response,tier,dev_explained_fixed,dev_explained_full,dev_explained_n_dep,dev_explained_no_dep,dev_explained_spatial,morans_i_fixed,morans_i_full,morans_i_p_val_fixed,morans_i_p_val_full,cutoff,max_inner_edge,n_vertices,aic,n,model_id,model_path,hessian_ok,eigen_values_ok,nlminb_ok,range_ok,gradients_ok,se_magnitude_ok,se_na_ok,sigmas_ok,all_ok,clean_response,clean_term
(Intercept),5.94612323845147,0.196838681705357,5.56032651154463,6.33191996535831,positive,evi_coef,climatic_region,0.146396850544678,0.72062727588952,0.101945115262784,0.101374684261617,0.714178008179747,0.355657990751781,-9.91547616417605e-05,0,0.659452709279966,20,1000,155543,2676965.82276564,390024,subset_climatic_regionbiome_interaction_sensitivity,builds/models/subset_climatic_regionbiome_interaction_sensitivity.Rds,TRUE,TRUE,TRUE,TRUE,TRUE,TRUE,TRUE,TRUE,TRUE,EVI Trend,(Intercept)
biome_colCold,-3.66651374913755,0.290587858035484,-4.23605548523173,-3.09697201304336,negative,evi_coef,climatic_region,0.146396850544678,0.72062727588952,0.101945115262784,0.101374684261617,0.714178008179747,0.355657990751781,-9.91547616417605e-05,0,0.659452709279966,20,1000,155543,2676965.82276564,390024,subset_climatic_regionbiome_interaction_sensitivity,builds/models/subset_climatic_regionbiome_interaction_sensitivity.Rds,TRUE,TRUE,TRUE,TRUE,TRUE,TRUE,TRUE,TRUE,TRUE,EVI Trend,biome_colCold
biome_colPolar,-1.24580131055291,1.0360012068129,-3.27632636384622,0.784723742740402,non-significant,evi_coef,climatic_region,0.146396850544678,0.72062727588952,0.101945115262784,0.101374684261617,0.714178008179747,0.355657990751781,-9.91547616417605e-05,0,0.659452709279966,20,1000,155543,2676965.82276564,390024,subset_climatic_regionbiome_interaction_sensitivity,builds/models/subset_climatic_regionbiome_interaction_sensitivity.Rds,TRUE,TRUE,TRUE,TRUE,TRUE,TRUE,TRUE,TRUE,TRUE,EVI Trend,biome_colPolar
biome_colTemperate,-0.0782249008456579,0.218479004126396,-0.506435880311572,0.349986078620257,non-significant,evi_coef,climatic_region,0.146396850544678,0.72062727588952,0.101945115262784,0.101374684261617,0.714178008179747,0.355657990751781,-9.91547616417605e-05,0,0.659452709279966,20,1000,155543,2676965.82276564,390024,subset_climatic_regionbiome_interaction_sensitivity,builds/models/subset_climatic_regionbiome_interaction_sensitivity.Rds,TRUE,TRUE,TRUE,TRUE,TRUE,TRUE,TRUE,TRUE,TRUE,EVI Trend,biome_colTemperate
biome_colTropical,-0.625681409750585,0.441264589777655,-1.49054411336763,0.23918129386646,non-significant,evi_coef,climatic_region,0.146396850544678,0.72062727588952,0.101945115262784,0.101374684261617,0.714178008179747,0.355657990751781,-9.91547616417605e-05,0,0.659452709279966,20,1000,155543,2676965.82276564,390024,subset_climatic_regionbiome_interaction_sensitivity,builds/models/subset_climatic_regionbiome_interaction_sensitivity.Rds,TRUE,TRUE,TRUE,TRUE,TRUE,TRUE,TRUE,TRUE,TRUE,EVI Trend,biome_colTropical
nitrogen_depo_scaled,1.76619063601521,0.142945636871919,1.48602233599911,2.04635893603131,positive,evi_coef,climatic_region,0.146396850544678,0.72062727588952,0.101945115262784,0.101374684261617,0.714178008179747,0.355657990751781,-9.91547616417605e-05,0,0.659452709279966,20,1000,155543,2676965.82276564,390024,subset_climatic_regionbiome_interaction_sensitivity,builds/models/subset_climatic_regionbiome_interaction_sensitivity.Rds,TRUE,TRUE,TRUE,TRUE,TRUE,TRUE,TRUE,TRUE,TRUE,EVI Trend,Nitrogen Deposition
prec_coef_scaled,-0.324295149630485,0.110942271462529,-0.541738006060109,-0.106852293200862,negative,evi_coef,climatic_region,0.146396850544678,0.72062727588952,0.101945115262784,0.101374684261617,0.714178008179747,0.355657990751781,-9.91547616417605e-05,0,0.659452709279966,20,1000,155543,2676965.82276564,390024,subset_climatic_regionbiome_interaction_sensitivity,builds/models/subset_climatic_regionbiome_interaction_sensitivity.Rds,TRUE,TRUE,TRUE,TRUE,TRUE,TRUE,TRUE,TRUE,TRUE,EVI Trend,Precipitation Trend
hmi_change_scaled,0.581274316637005,0.030468470193745,0.521557212393233,0.640991420880777,positive,evi_coef,climatic_region,0.146396850544678,0.72062727588952,0.101945115262784,0.101374684261617,0.714178008179747,0.355657990751781,-9.91547616417605e-05,0,0.659452709279966,20,1000,155543,2676965.82276564,390024,subset_climatic_regionbiome_interaction_sensitivity,builds/models/subset_climatic_regionbiome_interaction_sensitivity.Rds,TRUE,TRUE,TRUE,TRUE,TRUE,TRUE,TRUE,TRUE,TRUE,EVI Trend,HMI Change
mat_coef_scaled,-0.0773109035045788,0.149686863372775,-0.370691764673985,0.216069957664828,non-significant,evi_coef,climatic_region,0.146396850544678,0.72062727588952,0.101945115262784,0.101374684261617,0.714178008179747,0.355657990751781,-9.91547616417605e-05,0,0.659452709279966,20,1000,155543,2676965.82276564,390024,subset_climatic_regionbiome_interaction_sensitivity,builds/models/subset_climatic_regionbiome_interaction_sensitivity.Rds,TRUE,TRUE,TRUE,TRUE,TRUE,TRUE,TRUE,TRUE,TRUE,EVI Trend,MAT Trend
max_temp_coef_scaled,-0.3099256037095,0.109668883122888,-0.524872664855092,-0.094978542563907,negative,evi_coef,climatic_region,0.146396850544678,0.72062727588952,0.101945115262784,0.101374684261617,0.714178008179747,0.355657990751781,-9.91547616417605e-05,0,0.659452709279966,20,1000,155543,2676965.82276564,390024,subset_climatic_regionbiome_interaction_sensitivity,builds/models/subset_climatic_regionbiome_interaction_sensitivity.Rds,TRUE,TRUE,TRUE,TRUE,TRUE,TRUE,TRUE,TRUE,TRUE,EVI Trend,Max. Temperature Trend
fire_frequency_scaled,-0.175135215603686,0.067324054937901,-0.307087938575168,-0.043182492632204,negative,evi_coef,climatic_region,0.146396850544678,0.72062727588952,0.101945115262784,0.101374684261617,0.714178008179747,0.355657990751781,-9.91547616417605e-05,0,0.659452709279966,20,1000,155543,2676965.82276564,390024,subset_climatic_regionbiome_interaction_sensitivity,builds/models/subset_climatic_regionbiome_interaction_sensitivity.Rds,TRUE,TRUE,TRUE,TRUE,TRUE,TRUE,TRUE,TRUE,TRUE,EVI Trend,Fire frequency
mean_mat_scaled,-0.194638846499317,0.151271976469027,-0.4911264722488,0.101848779250166,non-significant,evi_coef,climatic_region,0.146396850544678,0.72062727588952,0.101945115262784,0.101374684261617,0.714178008179747,0.355657990751781,-9.91547616417605e-05,0,0.659452709279966,20,1000,155543,2676965.82276564,390024,subset_climatic_regionbiome_interaction_sensitivity,builds/models/subset_climatic_regionbiome_interaction_sensitivity.Rds,TRUE,TRUE,TRUE,TRUE,TRUE,TRUE,TRUE,TRUE,TRUE,EVI Trend,MAT
mean_prec_scaled,2.47461802397131,0.298641318710987,1.88929179500222,3.05994425294039,positive,evi_coef,climatic_region,0.146396850544678,0.72062727588952,0.101945115262784,0.101374684261617,0.714178008179747,0.355657990751781,-9.91547616417605e-05,0,0.659452709279966,20,1000,155543,2676965.82276564,390024,subset_climatic_regionbiome_interaction_sensitivity,builds/models/subset_climatic_regionbiome_interaction_sensitivity.Rds,TRUE,TRUE,TRUE,TRUE,TRUE,TRUE,TRUE,TRUE,TRUE,EVI Trend,MAP
biome_colCold:nitrogen_depo_scaled,-0.213251821972085,0.153746722243021,-0.514589860309489,0.088086216365319,non-significant,evi_coef,climatic_region,0.146396850544678,0.72062727588952,0.101945115262784,0.101374684261617,0.714178008179747,0.355657990751781,-9.91547616417605e-05,0,0.659452709279966,20,1000,155543,2676965.82276564,390024,subset_climatic_regionbiome_interaction_sensitivity,builds/models/subset_climatic_regionbiome_interaction_sensitivity.Rds,TRUE,TRUE,TRUE,TRUE,TRUE,TRUE,TRUE,TRUE,TRUE,EVI Trend,biome_colCold:nitrogen_depo_scaled
biome_colPolar:nitrogen_depo_scaled,-1.22916128354384,0.1717623794999,-1.56580936126254,-0.892513205825132,negative,evi_coef,climatic_region,0.146396850544678,0.72062727588952,0.101945115262784,0.101374684261617,0.714178008179747,0.355657990751781,-9.91547616417605e-05,0,0.659452709279966,20,1000,155543,2676965.82276564,390024,subset_climatic_regionbiome_interaction_sensitivity,builds/models/subset_climatic_regionbiome_interaction_sensitivity.Rds,TRUE,TRUE,TRUE,TRUE,TRUE,TRUE,TRUE,TRUE,TRUE,EVI Trend,biome_colPolar:nitrogen_depo_scaled
biome_colTemperate:nitrogen_depo_scaled,0.365801124488111,0.14498238593124,0.0816408696701939,0.649961379306028,positive,evi_coef,climatic_region,0.146396850544678,0.72062727588952,0.101945115262784,0.101374684261617,0.714178008179747,0.355657990751781,-9.91547616417605e-05,0,0.659452709279966,20,1000,155543,2676965.82276564,390024,subset_climatic_regionbiome_interaction_sensitivity,builds/models/subset_climatic_regionbiome_interaction_sensitivity.Rds,TRUE,TRUE,TRUE,TRUE,TRUE,TRUE,TRUE,TRUE,TRUE,EVI Trend,biome_colTemperate:nitrogen_depo_scaled
biome_colTropical:nitrogen_depo_scaled,-0.209579422762509,0.168392773329843,-0.539623193745818,0.1204643482208,non-significant,evi_coef,climatic_region,0.146396850544678,0.72062727588952,0.101945115262784,0.101374684261617,0.714178008179747,0.355657990751781,-9.91547616417605e-05,0,0.659452709279966,20,1000,155543,2676965.82276564,390024,subset_climatic_regionbiome_interaction_sensitivity,builds/models/subset_climatic_regionbiome_interaction_sensitivity.Rds,TRUE,TRUE,TRUE,TRUE,TRUE,TRUE,TRUE,TRUE,TRUE,EVI Trend,biome_colTropical:nitrogen_depo_scaled
biome_colCold:prec_coef_scaled,0.0975641911426692,0.230375533436032,-0.353963557311155,0.549091939596494,non-significant,evi_coef,climatic_region,0.146396850544678,0.72062727588952,0.101945115262784,0.101374684261617,0.714178008179747,0.355657990751781,-9.91547616417605e-05,0,0.659452709279966,20,1000,155543,2676965.82276564,390024,subset_climatic_regionbiome_interaction_sensitivity,builds/models/subset_climatic_regionbiome_interaction_sensitivity.Rds,TRUE,TRUE,TRUE,TRUE,TRUE,TRUE,TRUE,TRUE,TRUE,EVI Trend,biome_colCold:prec_coef_scaled
biome_colPolar:prec_coef_scaled,0.406958172686314,0.19892352904039,0.0170752200895424,0.796841125283085,positive,evi_coef,climatic_region,0.146396850544678,0.72062727588952,0.101945115262784,0.101374684261617,0.714178008179747,0.355657990751781,-9.91547616417605e-05,0,0.659452709279966,20,1000,155543,2676965.82276564,390024,subset_climatic_regionbiome_interaction_sensitivity,builds/models/subset_climatic_regionbiome_interaction_sensitivity.Rds,TRUE,TRUE,TRUE,TRUE,TRUE,TRUE,TRUE,TRUE,TRUE,EVI Trend,biome_colPolar:prec_coef_scaled
biome_colTemperate:prec_coef_scaled,0.331767918217559,0.125865306895861,0.0850764497985907,0.578459386636528,positive,evi_coef,climatic_region,0.146396850544678,0.72062727588952,0.101945115262784,0.101374684261617,0.714178008179747,0.355657990751781,-9.91547616417605e-05,0,0.659452709279966,20,1000,155543,2676965.82276564,390024,subset_climatic_regionbiome_interaction_sensitivity,builds/models/subset_climatic_regionbiome_interaction_sensitivity.Rds,TRUE,TRUE,TRUE,TRUE,TRUE,TRUE,TRUE,TRUE,TRUE,EVI Trend,biome_colTemperate:prec_coef_scaled
biome_colTropical:prec_coef_scaled,0.0880140223356692,0.123162058505529,-0.153379176596983,0.329407221268321,non-significant,evi_coef,climatic_region,0.146396850544678,0.72062727588952,0.101945115262784,0.101374684261617,0.714178008179747,0.355657990751781,-9.91547616417605e-05,0,0.659452709279966,20,1000,155543,2676965.82276564,390024,subset_climatic_regionbiome_interaction_sensitivity,builds/models/subset_climatic_regionbiome_interaction_sensitivity.Rds,TRUE,TRUE,TRUE,TRUE,TRUE,TRUE,TRUE,TRUE,TRUE,EVI Trend,biome_colTropical:prec_coef_scaled
biome_colCold:hmi_change_scaled,-0.344455507530768,0.0515722279910164,-0.445535216995649,-0.243375798065888,negative,evi_coef,climatic_region,0.146396850544678,0.72062727588952,0.101945115262784,0.101374684261617,0.714178008179747,0.355657990751781,-9.91547616417605e-05,0,0.659452709279966,20,1000,155543,2676965.82276564,390024,subset_climatic_regionbiome_interaction_sensitivity,builds/models/subset_climatic_regionbiome_interaction_sensitivity.Rds,TRUE,TRUE,TRUE,TRUE,TRUE,TRUE,TRUE,TRUE,TRUE,EVI Trend,biome_colCold:hmi_change_scaled
biome_colPolar:hmi_change_scaled,-1.16687846732134,0.34279943134467,-1.83875300667771,-0.495003927964981,negative,evi_coef,climatic_region,0.146396850544678,0.72062727588952,0.101945115262784,0.101374684261617,0.714178008179747,0.355657990751781,-9.91547616417605e-05,0,0.659452709279966,20,1000,155543,2676965.82276564,390024,subset_climatic_regionbiome_interaction_sensitivity,builds/models/subset_climatic_regionbiome_interaction_sensitivity.Rds,TRUE,TRUE,TRUE,TRUE,TRUE,TRUE,TRUE,TRUE,TRUE,EVI Trend,biome_colPolar:hmi_change_scaled
biome_colTemperate:hmi_change_scaled,-1.74445232309834,0.0561743352502933,-1.85455199704439,-1.63435264915229,negative,evi_coef,climatic_region,0.146396850544678,0.72062727588952,0.101945115262784,0.101374684261617,0.714178008179747,0.355657990751781,-9.91547616417605e-05,0,0.659452709279966,20,1000,155543,2676965.82276564,390024,subset_climatic_regionbiome_interaction_sensitivity,builds/models/subset_climatic_regionbiome_interaction_sensitivity.Rds,TRUE,TRUE,TRUE,TRUE,TRUE,TRUE,TRUE,TRUE,TRUE,EVI Trend,biome_colTemperate:hmi_change_scaled
biome_colTropical:hmi_change_scaled,-1.86848461356226,0.0373929238359666,-1.9417733975574,-1.79519582956711,negative,evi_coef,climatic_region,0.146396850544678,0.72062727588952,0.101945115262784,0.101374684261617,0.714178008179747,0.355657990751781,-9.91547616417605e-05,0,0.659452709279966,20,1000,155543,2676965.82276564,390024,subset_climatic_regionbiome_interaction_sensitivity,builds/models/subset_climatic_regionbiome_interaction_sensitivity.Rds,TRUE,TRUE,TRUE,TRUE,TRUE,TRUE,TRUE,TRUE,TRUE,EVI Trend,biome_colTropical:hmi_change_scaled
biome_colCold:mat_coef_scaled,0.510737370362272,0.1771091201444,0.163609873545671,0.857864867178873,positive,evi_coef,climatic_region,0.146396850544678,0.72062727588952,0.101945115262784,0.101374684261617,0.714178008179747,0.355657990751781,-9.91547616417605e-05,0,0.659452709279966,20,1000,155543,2676965.82276564,390024,subset_climatic_regionbiome_interaction_sensitivity,builds/models/subset_climatic_regionbiome_interaction_sensitivity.Rds,TRUE,TRUE,TRUE,TRUE,TRUE,TRUE,TRUE,TRUE,TRUE,EVI Trend,biome_colCold:mat_coef_scaled
biome_colPolar:mat_coef_scaled,1.46352229942478,0.205126221818936,1.06148229237489,1.86556230647467,positive,evi_coef,climatic_region,0.146396850544678,0.72062727588952,0.101945115262784,0.101374684261617,0.714178008179747,0.355657990751781,-9.91547616417605e-05,0,0.659452709279966,20,1000,155543,2676965.82276564,390024,subset_climatic_regionbiome_interaction_sensitivity,builds/models/subset_climatic_regionbiome_interaction_sensitivity.Rds,TRUE,TRUE,TRUE,TRUE,TRUE,TRUE,TRUE,TRUE,TRUE,EVI Trend,biome_colPolar:mat_coef_scaled
biome_colTemperate:mat_coef_scaled,-0.0502408358423799,0.231595571420466,-0.504159814805467,0.403678143120707,non-significant,evi_coef,climatic_region,0.146396850544678,0.72062727588952,0.101945115262784,0.101374684261617,0.714178008179747,0.355657990751781,-9.91547616417605e-05,0,0.659452709279966,20,1000,155543,2676965.82276564,390024,subset_climatic_regionbiome_interaction_sensitivity,builds/models/subset_climatic_regionbiome_interaction_sensitivity.Rds,TRUE,TRUE,TRUE,TRUE,TRUE,TRUE,TRUE,TRUE,TRUE,EVI Trend,biome_colTemperate:mat_coef_scaled
biome_colTropical:mat_coef_scaled,0.675575361912311,0.244091148038781,0.197165502811266,1.15398522101336,positive,evi_coef,climatic_region,0.146396850544678,0.72062727588952,0.101945115262784,0.101374684261617,0.714178008179747,0.355657990751781,-9.91547616417605e-05,0,0.659452709279966,20,1000,155543,2676965.82276564,390024,subset_climatic_regionbiome_interaction_sensitivity,builds/models/subset_climatic_regionbiome_interaction_sensitivity.Rds,TRUE,TRUE,TRUE,TRUE,TRUE,TRUE,TRUE,TRUE,TRUE,EVI Trend,biome_colTropical:mat_coef_scaled
biome_colCold:max_temp_coef_scaled,0.0984886200820625,0.125384216425493,-0.147259928341679,0.344237168505804,non-significant,evi_coef,climatic_region,0.146396850544678,0.72062727588952,0.101945115262784,0.101374684261617,0.714178008179747,0.355657990751781,-9.91547616417605e-05,0,0.659452709279966,20,1000,155543,2676965.82276564,390024,subset_climatic_regionbiome_interaction_sensitivity,builds/models/subset_climatic_regionbiome_interaction_sensitivity.Rds,TRUE,TRUE,TRUE,TRUE,TRUE,TRUE,TRUE,TRUE,TRUE,EVI Trend,biome_colCold:max_temp_coef_scaled
biome_colPolar:max_temp_coef_scaled,-0.339992548274635,0.140951839364058,-0.616253076982864,-0.0637320195664053,negative,evi_coef,climatic_region,0.146396850544678,0.72062727588952,0.101945115262784,0.101374684261617,0.714178008179747,0.355657990751781,-9.91547616417605e-05,0,0.659452709279966,20,1000,155543,2676965.82276564,390024,subset_climatic_regionbiome_interaction_sensitivity,builds/models/subset_climatic_regionbiome_interaction_sensitivity.Rds,TRUE,TRUE,TRUE,TRUE,TRUE,TRUE,TRUE,TRUE,TRUE,EVI Trend,biome_colPolar:max_temp_coef_scaled
biome_colTemperate:max_temp_coef_scaled,0.547867498710865,0.133952923986019,0.285324592074437,0.810410405347293,positive,evi_coef,climatic_region,0.146396850544678,0.72062727588952,0.101945115262784,0.101374684261617,0.714178008179747,0.355657990751781,-9.91547616417605e-05,0,0.659452709279966,20,1000,155543,2676965.82276564,390024,subset_climatic_regionbiome_interaction_sensitivity,builds/models/subset_climatic_regionbiome_interaction_sensitivity.Rds,TRUE,TRUE,TRUE,TRUE,TRUE,TRUE,TRUE,TRUE,TRUE,EVI Trend,biome_colTemperate:max_temp_coef_scaled
biome_colTropical:max_temp_coef_scaled,0.577605457400559,0.136535597336356,0.310000604013637,0.84521031078748,positive,evi_coef,climatic_region,0.146396850544678,0.72062727588952,0.101945115262784,0.101374684261617,0.714178008179747,0.355657990751781,-9.91547616417605e-05,0,0.659452709279966,20,1000,155543,2676965.82276564,390024,subset_climatic_regionbiome_interaction_sensitivity,builds/models/subset_climatic_regionbiome_interaction_sensitivity.Rds,TRUE,TRUE,TRUE,TRUE,TRUE,TRUE,TRUE,TRUE,TRUE,EVI Trend,biome_colTropical:max_temp_coef_scaled
biome_colCold:fire_frequency_scaled,-10.4850757345954,0.238207256839317,-10.9519533788565,-10.0181980903343,negative,evi_coef,climatic_region,0.146396850544678,0.72062727588952,0.101945115262784,0.101374684261617,0.714178008179747,0.355657990751781,-9.91547616417605e-05,0,0.659452709279966,20,1000,155543,2676965.82276564,390024,subset_climatic_regionbiome_interaction_sensitivity,builds/models/subset_climatic_regionbiome_interaction_sensitivity.Rds,TRUE,TRUE,TRUE,TRUE,TRUE,TRUE,TRUE,TRUE,TRUE,EVI Trend,biome_colCold:fire_frequency_scaled
biome_colPolar:fire_frequency_scaled,-2.5247828440507,3.07865244253135,-8.55883075232841,3.50926506422701,non-significant,evi_coef,climatic_region,0.146396850544678,0.72062727588952,0.101945115262784,0.101374684261617,0.714178008179747,0.355657990751781,-9.91547616417605e-05,0,0.659452709279966,20,1000,155543,2676965.82276564,390024,subset_climatic_regionbiome_interaction_sensitivity,builds/models/subset_climatic_regionbiome_interaction_sensitivity.Rds,TRUE,TRUE,TRUE,TRUE,TRUE,TRUE,TRUE,TRUE,TRUE,EVI Trend,biome_colPolar:fire_frequency_scaled
biome_colTemperate:fire_frequency_scaled,-0.130891718525294,0.089150878858376,-0.305624230277804,0.0438407932272165,non-significant,evi_coef,climatic_region,0.146396850544678,0.72062727588952,0.101945115262784,0.101374684261617,0.714178008179747,0.355657990751781,-9.91547616417605e-05,0,0.659452709279966,20,1000,155543,2676965.82276564,390024,subset_climatic_regionbiome_interaction_sensitivity,builds/models/subset_climatic_regionbiome_interaction_sensitivity.Rds,TRUE,TRUE,TRUE,TRUE,TRUE,TRUE,TRUE,TRUE,TRUE,EVI Trend,biome_colTemperate:fire_frequency_scaled
biome_colTropical:fire_frequency_scaled,-0.0795771175725178,0.0724357808381806,-0.221548639207388,0.0623944040623527,non-significant,evi_coef,climatic_region,0.146396850544678,0.72062727588952,0.101945115262784,0.101374684261617,0.714178008179747,0.355657990751781,-9.91547616417605e-05,0,0.659452709279966,20,1000,155543,2676965.82276564,390024,subset_climatic_regionbiome_interaction_sensitivity,builds/models/subset_climatic_regionbiome_interaction_sensitivity.Rds,TRUE,TRUE,TRUE,TRUE,TRUE,TRUE,TRUE,TRUE,TRUE,EVI Trend,biome_colTropical:fire_frequency_scaled
biome_colCold:mean_mat_scaled,-0.395188046187996,0.255956017004289,-0.896852621142725,0.106476528766733,non-significant,evi_coef,climatic_region,0.146396850544678,0.72062727588952,0.101945115262784,0.101374684261617,0.714178008179747,0.355657990751781,-9.91547616417605e-05,0,0.659452709279966,20,1000,155543,2676965.82276564,390024,subset_climatic_regionbiome_interaction_sensitivity,builds/models/subset_climatic_regionbiome_interaction_sensitivity.Rds,TRUE,TRUE,TRUE,TRUE,TRUE,TRUE,TRUE,TRUE,TRUE,EVI Trend,biome_colCold:mean_mat_scaled
biome_colPolar:mean_mat_scaled,0.18264515264095,0.346319736170369,-0.496129057388387,0.861419362670288,non-significant,evi_coef,climatic_region,0.146396850544678,0.72062727588952,0.101945115262784,0.101374684261617,0.714178008179747,0.355657990751781,-9.91547616417605e-05,0,0.659452709279966,20,1000,155543,2676965.82276564,390024,subset_climatic_regionbiome_interaction_sensitivity,builds/models/subset_climatic_regionbiome_interaction_sensitivity.Rds,TRUE,TRUE,TRUE,TRUE,TRUE,TRUE,TRUE,TRUE,TRUE,EVI Trend,biome_colPolar:mean_mat_scaled
biome_colTemperate:mean_mat_scaled,0.24509482066724,0.29490463951582,-0.332907651657535,0.823097292992014,non-significant,evi_coef,climatic_region,0.146396850544678,0.72062727588952,0.101945115262784,0.101374684261617,0.714178008179747,0.355657990751781,-9.91547616417605e-05,0,0.659452709279966,20,1000,155543,2676965.82276564,390024,subset_climatic_regionbiome_interaction_sensitivity,builds/models/subset_climatic_regionbiome_interaction_sensitivity.Rds,TRUE,TRUE,TRUE,TRUE,TRUE,TRUE,TRUE,TRUE,TRUE,EVI Trend,biome_colTemperate:mean_mat_scaled
biome_colTropical:mean_mat_scaled,2.37999539957773,0.478978716760313,1.4412143653663,3.31877643378915,positive,evi_coef,climatic_region,0.146396850544678,0.72062727588952,0.101945115262784,0.101374684261617,0.714178008179747,0.355657990751781,-9.91547616417605e-05,0,0.659452709279966,20,1000,155543,2676965.82276564,390024,subset_climatic_regionbiome_interaction_sensitivity,builds/models/subset_climatic_regionbiome_interaction_sensitivity.Rds,TRUE,TRUE,TRUE,TRUE,TRUE,TRUE,TRUE,TRUE,TRUE,EVI Trend,biome_colTropical:mean_mat_scaled
biome_colCold:mean_prec_scaled,-2.76158137314938,0.339711084639569,-3.42740286419198,-2.09575988210679,negative,evi_coef,climatic_region,0.146396850544678,0.72062727588952,0.101945115262784,0.101374684261617,0.714178008179747,0.355657990751781,-9.91547616417605e-05,0,0.659452709279966,20,1000,155543,2676965.82276564,390024,subset_climatic_regionbiome_interaction_sensitivity,builds/models/subset_climatic_regionbiome_interaction_sensitivity.Rds,TRUE,TRUE,TRUE,TRUE,TRUE,TRUE,TRUE,TRUE,TRUE,EVI Trend,biome_colCold:mean_prec_scaled
biome_colPolar:mean_prec_scaled,-2.16726053094641,0.341268621768444,-2.83613473866619,-1.49838632322664,negative,evi_coef,climatic_region,0.146396850544678,0.72062727588952,0.101945115262784,0.101374684261617,0.714178008179747,0.355657990751781,-9.91547616417605e-05,0,0.659452709279966,20,1000,155543,2676965.82276564,390024,subset_climatic_regionbiome_interaction_sensitivity,builds/models/subset_climatic_regionbiome_interaction_sensitivity.Rds,TRUE,TRUE,TRUE,TRUE,TRUE,TRUE,TRUE,TRUE,TRUE,EVI Trend,biome_colPolar:mean_prec_scaled
biome_colTemperate:mean_prec_scaled,-2.57391588961224,0.30649714693757,-3.17463925897416,-1.97319252025032,negative,evi_coef,climatic_region,0.146396850544678,0.72062727588952,0.101945115262784,0.101374684261617,0.714178008179747,0.355657990751781,-9.91547616417605e-05,0,0.659452709279966,20,1000,155543,2676965.82276564,390024,subset_climatic_regionbiome_interaction_sensitivity,builds/models/subset_climatic_regionbiome_interaction_sensitivity.Rds,TRUE,TRUE,TRUE,TRUE,TRUE,TRUE,TRUE,TRUE,TRUE,EVI Trend,biome_colTemperate:mean_prec_scaled
biome_colTropical:mean_prec_scaled,-2.61927352136329,0.30867893280481,-3.22427311244697,-2.0142739302796,negative,evi_coef,climatic_region,0.146396850544678,0.72062727588952,0.101945115262784,0.101374684261617,0.714178008179747,0.355657990751781,-9.91547616417605e-05,0,0.659452709279966,20,1000,155543,2676965.82276564,390024,subset_climatic_regionbiome_interaction_sensitivity,builds/models/subset_climatic_regionbiome_interaction_sensitivity.Rds,TRUE,TRUE,TRUE,TRUE,TRUE,TRUE,TRUE,TRUE,TRUE,EVI Trend,biome_colTropical:mean_prec_scaled
(Intercept),5.75676355076362,0.246068800056604,5.27447756493369,6.23904953659356,positive,evi_coef,super_biome,0.138686177518395,0.719153456427064,0.0971644323750355,0.0823577109531567,0.714178008179747,0.355651762131744,-0.000215604201828001,0,0.817652677844839,20,1000,155543,2679581.1794271,390024,subset_super_biomebiome_interaction_sensitivity,builds/models/subset_super_biomebiome_interaction_sensitivity.Rds,TRUE,TRUE,TRUE,TRUE,FALSE,TRUE,TRUE,TRUE,FALSE,EVI Trend,(Intercept)
biome_colcold_tall,0.669991774148734,0.290830327862079,0.0999748059270826,1.24000874237039,positive,evi_coef,super_biome,0.138686177518395,0.719153456427064,0.0971644323750355,0.0823577109531567,0.714178008179747,0.355651762131744,-0.000215604201828001,0,0.817652677844839,20,1000,155543,2679581.1794271,390024,subset_super_biomebiome_interaction_sensitivity,builds/models/subset_super_biomebiome_interaction_sensitivity.Rds,TRUE,TRUE,TRUE,TRUE,FALSE,TRUE,TRUE,TRUE,FALSE,EVI Trend,biome_colcold_tall
biome_colnot_cold_short,-0.471093971763888,0.251256515948214,-0.963547693903401,0.021359750375626,non-significant,evi_coef,super_biome,0.138686177518395,0.719153456427064,0.0971644323750355,0.0823577109531567,0.714178008179747,0.355651762131744,-0.000215604201828001,0,0.817652677844839,20,1000,155543,2679581.1794271,390024,subset_super_biomebiome_interaction_sensitivity,builds/models/subset_super_biomebiome_interaction_sensitivity.Rds,TRUE,TRUE,TRUE,TRUE,FALSE,TRUE,TRUE,TRUE,FALSE,EVI Trend,biome_colnot_cold_short
biome_colnot_cold_tall,0.23276977436776,0.256866733289922,-0.270679771706943,0.736219320442463,non-significant,evi_coef,super_biome,0.138686177518395,0.719153456427064,0.0971644323750355,0.0823577109531567,0.714178008179747,0.355651762131744,-0.000215604201828001,0,0.817652677844839,20,1000,155543,2679581.1794271,390024,subset_super_biomebiome_interaction_sensitivity,builds/models/subset_super_biomebiome_interaction_sensitivity.Rds,TRUE,TRUE,TRUE,TRUE,FALSE,TRUE,TRUE,TRUE,FALSE,EVI Trend,biome_colnot_cold_tall
nitrogen_depo_scaled,1.51635806574144,0.129625124885755,1.26229748947385,1.77041864200903,positive,evi_coef,super_biome,0.138686177518395,0.719153456427064,0.0971644323750355,0.0823577109531567,0.714178008179747,0.355651762131744,-0.000215604201828001,0,0.817652677844839,20,1000,155543,2679581.1794271,390024,subset_super_biomebiome_interaction_sensitivity,builds/models/subset_super_biomebiome_interaction_sensitivity.Rds,TRUE,TRUE,TRUE,TRUE,FALSE,TRUE,TRUE,TRUE,FALSE,EVI Trend,Nitrogen Deposition
prec_coef_scaled,-1.55347291080322,0.3328639044546,-2.20587417528761,-0.90107164631882,negative,evi_coef,super_biome,0.138686177518395,0.719153456427064,0.0971644323750355,0.0823577109531567,0.714178008179747,0.355651762131744,-0.000215604201828001,0,0.817652677844839,20,1000,155543,2679581.1794271,390024,subset_super_biomebiome_interaction_sensitivity,builds/models/subset_super_biomebiome_interaction_sensitivity.Rds,TRUE,TRUE,TRUE,TRUE,FALSE,TRUE,TRUE,TRUE,FALSE,EVI Trend,Precipitation Trend
hmi_change_scaled,0.535735390036904,0.0520337181461521,0.433751176488738,0.63771960358507,positive,evi_coef,super_biome,0.138686177518395,0.719153456427064,0.0971644323750355,0.0823577109531567,0.714178008179747,0.355651762131744,-0.000215604201828001,0,0.817652677844839,20,1000,155543,2679581.1794271,390024,subset_super_biomebiome_interaction_sensitivity,builds/models/subset_super_biomebiome_interaction_sensitivity.Rds,TRUE,TRUE,TRUE,TRUE,FALSE,TRUE,TRUE,TRUE,FALSE,EVI Trend,HMI Change
mat_coef_scaled,0.271223464112221,0.156612922071036,-0.0357322226605887,0.57817915088503,non-significant,evi_coef,super_biome,0.138686177518395,0.719153456427064,0.0971644323750355,0.0823577109531567,0.714178008179747,0.355651762131744,-0.000215604201828001,0,0.817652677844839,20,1000,155543,2679581.1794271,390024,subset_super_biomebiome_interaction_sensitivity,builds/models/subset_super_biomebiome_interaction_sensitivity.Rds,TRUE,TRUE,TRUE,TRUE,FALSE,TRUE,TRUE,TRUE,FALSE,EVI Trend,MAT Trend
max_temp_coef_scaled,-0.27643470385716,0.108736603968788,-0.489554531437179,-0.0633148762771414,negative,evi_coef,super_biome,0.138686177518395,0.719153456427064,0.0971644323750355,0.0823577109531567,0.714178008179747,0.355651762131744,-0.000215604201828001,0,0.817652677844839,20,1000,155543,2679581.1794271,390024,subset_super_biomebiome_interaction_sensitivity,builds/models/subset_super_biomebiome_interaction_sensitivity.Rds,TRUE,TRUE,TRUE,TRUE,FALSE,TRUE,TRUE,TRUE,FALSE,EVI Trend,Max. Temperature Trend
fire_frequency_scaled,-1.41912297745537,0.196381693508847,-1.80402402395569,-1.03422193095505,negative,evi_coef,super_biome,0.138686177518395,0.719153456427064,0.0971644323750355,0.0823577109531567,0.714178008179747,0.355651762131744,-0.000215604201828001,0,0.817652677844839,20,1000,155543,2679581.1794271,390024,subset_super_biomebiome_interaction_sensitivity,builds/models/subset_super_biomebiome_interaction_sensitivity.Rds,TRUE,TRUE,TRUE,TRUE,FALSE,TRUE,TRUE,TRUE,FALSE,EVI Trend,Fire frequency
mean_mat_scaled,-0.685792499156827,0.181022806650108,-1.0405906805714,-0.330994317742258,negative,evi_coef,super_biome,0.138686177518395,0.719153456427064,0.0971644323750355,0.0823577109531567,0.714178008179747,0.355651762131744,-0.000215604201828001,0,0.817652677844839,20,1000,155543,2679581.1794271,390024,subset_super_biomebiome_interaction_sensitivity,builds/models/subset_super_biomebiome_interaction_sensitivity.Rds,TRUE,TRUE,TRUE,TRUE,FALSE,TRUE,TRUE,TRUE,FALSE,EVI Trend,MAT
mean_prec_scaled,1.61991316272551,0.308261397083242,1.01573192661836,2.22409439883266,positive,evi_coef,super_biome,0.138686177518395,0.719153456427064,0.0971644323750355,0.0823577109531567,0.714178008179747,0.355651762131744,-0.000215604201828001,0,0.817652677844839,20,1000,155543,2679581.1794271,390024,subset_super_biomebiome_interaction_sensitivity,builds/models/subset_super_biomebiome_interaction_sensitivity.Rds,TRUE,TRUE,TRUE,TRUE,FALSE,TRUE,TRUE,TRUE,FALSE,EVI Trend,MAP
biome_colcold_tall:nitrogen_depo_scaled,0.0740949509138334,0.13475403340251,-0.190018101326594,0.338208003154261,non-significant,evi_coef,super_biome,0.138686177518395,0.719153456427064,0.0971644323750355,0.0823577109531567,0.714178008179747,0.355651762131744,-0.000215604201828001,0,0.817652677844839,20,1000,155543,2679581.1794271,390024,subset_super_biomebiome_interaction_sensitivity,builds/models/subset_super_biomebiome_interaction_sensitivity.Rds,TRUE,TRUE,TRUE,TRUE,FALSE,TRUE,TRUE,TRUE,FALSE,EVI Trend,biome_colcold_tall:nitrogen_depo_scaled
biome_colnot_cold_short:nitrogen_depo_scaled,0.0347876750798515,0.139876470581386,-0.239365169544241,0.308940519703944,non-significant,evi_coef,super_biome,0.138686177518395,0.719153456427064,0.0971644323750355,0.0823577109531567,0.714178008179747,0.355651762131744,-0.000215604201828001,0,0.817652677844839,20,1000,155543,2679581.1794271,390024,subset_super_biomebiome_interaction_sensitivity,builds/models/subset_super_biomebiome_interaction_sensitivity.Rds,TRUE,TRUE,TRUE,TRUE,FALSE,TRUE,TRUE,TRUE,FALSE,EVI Trend,biome_colnot_cold_short:nitrogen_depo_scaled
biome_colnot_cold_tall:nitrogen_depo_scaled,0.354108337666203,0.127331640172619,0.104542908835457,0.60367376649695,positive,evi_coef,super_biome,0.138686177518395,0.719153456427064,0.0971644323750355,0.0823577109531567,0.714178008179747,0.355651762131744,-0.000215604201828001,0,0.817652677844839,20,1000,155543,2679581.1794271,390024,subset_super_biomebiome_interaction_sensitivity,builds/models/subset_super_biomebiome_interaction_sensitivity.Rds,TRUE,TRUE,TRUE,TRUE,FALSE,TRUE,TRUE,TRUE,FALSE,EVI Trend,biome_colnot_cold_tall:nitrogen_depo_scaled
biome_colcold_tall:prec_coef_scaled,0.639793255918208,0.350468252357059,-0.0471118964263225,1.32669840826274,non-significant,evi_coef,super_biome,0.138686177518395,0.719153456427064,0.0971644323750355,0.0823577109531567,0.714178008179747,0.355651762131744,-0.000215604201828001,0,0.817652677844839,20,1000,155543,2679581.1794271,390024,subset_super_biomebiome_interaction_sensitivity,builds/models/subset_super_biomebiome_interaction_sensitivity.Rds,TRUE,TRUE,TRUE,TRUE,FALSE,TRUE,TRUE,TRUE,FALSE,EVI Trend,biome_colcold_tall:prec_coef_scaled
biome_colnot_cold_short:prec_coef_scaled,1.0298523730084,0.339030746506941,0.365364320203069,1.69434042581374,positive,evi_coef,super_biome,0.138686177518395,0.719153456427064,0.0971644323750355,0.0823577109531567,0.714178008179747,0.355651762131744,-0.000215604201828001,0,0.817652677844839,20,1000,155543,2679581.1794271,390024,subset_super_biomebiome_interaction_sensitivity,builds/models/subset_super_biomebiome_interaction_sensitivity.Rds,TRUE,TRUE,TRUE,TRUE,FALSE,TRUE,TRUE,TRUE,FALSE,EVI Trend,biome_colnot_cold_short:prec_coef_scaled
biome_colnot_cold_tall:prec_coef_scaled,1.43047003090149,0.334474721881772,0.774911622274161,2.08602843952881,positive,evi_coef,super_biome,0.138686177518395,0.719153456427064,0.0971644323750355,0.0823577109531567,0.714178008179747,0.355651762131744,-0.000215604201828001,0,0.817652677844839,20,1000,155543,2679581.1794271,390024,subset_super_biomebiome_interaction_sensitivity,builds/models/subset_super_biomebiome_interaction_sensitivity.Rds,TRUE,TRUE,TRUE,TRUE,FALSE,TRUE,TRUE,TRUE,FALSE,EVI Trend,biome_colnot_cold_tall:prec_coef_scaled
biome_colcold_tall:hmi_change_scaled,-0.486158971764938,0.0672830299829554,-0.618031287302259,-0.354286656227616,negative,evi_coef,super_biome,0.138686177518395,0.719153456427064,0.0971644323750355,0.0823577109531567,0.714178008179747,0.355651762131744,-0.000215604201828001,0,0.817652677844839,20,1000,155543,2679581.1794271,390024,subset_super_biomebiome_interaction_sensitivity,builds/models/subset_super_biomebiome_interaction_sensitivity.Rds,TRUE,TRUE,TRUE,TRUE,FALSE,TRUE,TRUE,TRUE,FALSE,EVI Trend,biome_colcold_tall:hmi_change_scaled
biome_colnot_cold_short:hmi_change_scaled,-0.423014832492285,0.0610054808819773,-0.542583377880507,-0.303446287104063,negative,evi_coef,super_biome,0.138686177518395,0.719153456427064,0.0971644323750355,0.0823577109531567,0.714178008179747,0.355651762131744,-0.000215604201828001,0,0.817652677844839,20,1000,155543,2679581.1794271,390024,subset_super_biomebiome_interaction_sensitivity,builds/models/subset_super_biomebiome_interaction_sensitivity.Rds,TRUE,TRUE,TRUE,TRUE,FALSE,TRUE,TRUE,TRUE,FALSE,EVI Trend,biome_colnot_cold_short:hmi_change_scaled
biome_colnot_cold_tall:hmi_change_scaled,-1.74057357515003,0.0559253266922704,-1.85018520129052,-1.63096194900955,negative,evi_coef,super_biome,0.138686177518395,0.719153456427064,0.0971644323750355,0.0823577109531567,0.714178008179747,0.355651762131744,-0.000215604201828001,0,0.817652677844839,20,1000,155543,2679581.1794271,390024,subset_super_biomebiome_interaction_sensitivity,builds/models/subset_super_biomebiome_interaction_sensitivity.Rds,TRUE,TRUE,TRUE,TRUE,FALSE,TRUE,TRUE,TRUE,FALSE,EVI Trend,biome_colnot_cold_tall:hmi_change_scaled
biome_colcold_tall:mat_coef_scaled,-0.176244287021509,0.16398142496518,-0.497641974086818,0.145153400043801,non-significant,evi_coef,super_biome,0.138686177518395,0.719153456427064,0.0971644323750355,0.0823577109531567,0.714178008179747,0.355651762131744,-0.000215604201828001,0,0.817652677844839,20,1000,155543,2679581.1794271,390024,subset_super_biomebiome_interaction_sensitivity,builds/models/subset_super_biomebiome_interaction_sensitivity.Rds,TRUE,TRUE,TRUE,TRUE,FALSE,TRUE,TRUE,TRUE,FALSE,EVI Trend,biome_colcold_tall:mat_coef_scaled
biome_colnot_cold_short:mat_coef_scaled,-0.0701802136853652,0.211481636899154,-0.484676605399284,0.344316178028554,non-significant,evi_coef,super_biome,0.138686177518395,0.719153456427064,0.0971644323750355,0.0823577109531567,0.714178008179747,0.355651762131744,-0.000215604201828001,0,0.817652677844839,20,1000,155543,2679581.1794271,390024,subset_super_biomebiome_interaction_sensitivity,builds/models/subset_super_biomebiome_interaction_sensitivity.Rds,TRUE,TRUE,TRUE,TRUE,FALSE,TRUE,TRUE,TRUE,FALSE,EVI Trend,biome_colnot_cold_short:mat_coef_scaled
biome_colnot_cold_tall:mat_coef_scaled,0.0123527958212916,0.216154496456653,-0.411302232330139,0.436007823972722,non-significant,evi_coef,super_biome,0.138686177518395,0.719153456427064,0.0971644323750355,0.0823577109531567,0.714178008179747,0.355651762131744,-0.000215604201828001,0,0.817652677844839,20,1000,155543,2679581.1794271,390024,subset_super_biomebiome_interaction_sensitivity,builds/models/subset_super_biomebiome_interaction_sensitivity.Rds,TRUE,TRUE,TRUE,TRUE,FALSE,TRUE,TRUE,TRUE,FALSE,EVI Trend,biome_colnot_cold_tall:mat_coef_scaled
biome_colcold_tall:max_temp_coef_scaled,-0.391959900905095,0.121007933671926,-0.629131092745683,-0.154788709064508,negative,evi_coef,super_biome,0.138686177518395,0.719153456427064,0.0971644323750355,0.0823577109531567,0.714178008179747,0.355651762131744,-0.000215604201828001,0,0.817652677844839,20,1000,155543,2679581.1794271,390024,subset_super_biomebiome_interaction_sensitivity,builds/models/subset_super_biomebiome_interaction_sensitivity.Rds,TRUE,TRUE,TRUE,TRUE,FALSE,TRUE,TRUE,TRUE,FALSE,EVI Trend,biome_colcold_tall:max_temp_coef_scaled
biome_colnot_cold_short:max_temp_coef_scaled,0.187411933988503,0.141883643042549,-0.0906748963702306,0.465498764347237,non-significant,evi_coef,super_biome,0.138686177518395,0.719153456427064,0.0971644323750355,0.0823577109531567,0.714178008179747,0.355651762131744,-0.000215604201828001,0,0.817652677844839,20,1000,155543,2679581.1794271,390024,subset_super_biomebiome_interaction_sensitivity,builds/models/subset_super_biomebiome_interaction_sensitivity.Rds,TRUE,TRUE,TRUE,TRUE,FALSE,TRUE,TRUE,TRUE,FALSE,EVI Trend,biome_colnot_cold_short:max_temp_coef_scaled
biome_colnot_cold_tall:max_temp_coef_scaled,0.486184985722577,0.127801116358313,0.235699400476271,0.736670570968883,positive,evi_coef,super_biome,0.138686177518395,0.719153456427064,0.0971644323750355,0.0823577109531567,0.714178008179747,0.355651762131744,-0.000215604201828001,0,0.817652677844839,20,1000,155543,2679581.1794271,390024,subset_super_biomebiome_interaction_sensitivity,builds/models/subset_super_biomebiome_interaction_sensitivity.Rds,TRUE,TRUE,TRUE,TRUE,FALSE,TRUE,TRUE,TRUE,FALSE,EVI Trend,biome_colnot_cold_tall:max_temp_coef_scaled
biome_colcold_tall:fire_frequency_scaled,-2.1137580771048,0.23853168815758,-2.5812715950652,-1.64624455914441,negative,evi_coef,super_biome,0.138686177518395,0.719153456427064,0.0971644323750355,0.0823577109531567,0.714178008179747,0.355651762131744,-0.000215604201828001,0,0.817652677844839,20,1000,155543,2679581.1794271,390024,subset_super_biomebiome_interaction_sensitivity,builds/models/subset_super_biomebiome_interaction_sensitivity.Rds,TRUE,TRUE,TRUE,TRUE,FALSE,TRUE,TRUE,TRUE,FALSE,EVI Trend,biome_colcold_tall:fire_frequency_scaled
biome_colnot_cold_short:fire_frequency_scaled,1.29365967320998,0.200728310371753,0.900239414203769,1.6870799322162,positive,evi_coef,super_biome,0.138686177518395,0.719153456427064,0.0971644323750355,0.0823577109531567,0.714178008179747,0.355651762131744,-0.000215604201828001,0,0.817652677844839,20,1000,155543,2679581.1794271,390024,subset_super_biomebiome_interaction_sensitivity,builds/models/subset_super_biomebiome_interaction_sensitivity.Rds,TRUE,TRUE,TRUE,TRUE,FALSE,TRUE,TRUE,TRUE,FALSE,EVI Trend,biome_colnot_cold_short:fire_frequency_scaled
biome_colnot_cold_tall:fire_frequency_scaled,1.09756080091763,0.198628490335256,0.708256113556962,1.48686548827829,positive,evi_coef,super_biome,0.138686177518395,0.719153456427064,0.0971644323750355,0.0823577109531567,0.714178008179747,0.355651762131744,-0.000215604201828001,0,0.817652677844839,20,1000,155543,2679581.1794271,390024,subset_super_biomebiome_interaction_sensitivity,builds/models/subset_super_biomebiome_interaction_sensitivity.Rds,TRUE,TRUE,TRUE,TRUE,FALSE,TRUE,TRUE,TRUE,FALSE,EVI Trend,biome_colnot_cold_tall:fire_frequency_scaled
biome_colcold_tall:mean_mat_scaled,1.6240727528198,0.231911146328182,1.16953525840316,2.07861024723643,positive,evi_coef,super_biome,0.138686177518395,0.719153456427064,0.0971644323750355,0.0823577109531567,0.714178008179747,0.355651762131744,-0.000215604201828001,0,0.817652677844839,20,1000,155543,2679581.1794271,390024,subset_super_biomebiome_interaction_sensitivity,builds/models/subset_super_biomebiome_interaction_sensitivity.Rds,TRUE,TRUE,TRUE,TRUE,FALSE,TRUE,TRUE,TRUE,FALSE,EVI Trend,biome_colcold_tall:mean_mat_scaled
biome_colnot_cold_short:mean_mat_scaled,0.376923535753807,0.216937544311905,-0.0482662379920896,0.802113309499703,non-significant,evi_coef,super_biome,0.138686177518395,0.719153456427064,0.0971644323750355,0.0823577109531567,0.714178008179747,0.355651762131744,-0.000215604201828001,0,0.817652677844839,20,1000,155543,2679581.1794271,390024,subset_super_biomebiome_interaction_sensitivity,builds/models/subset_super_biomebiome_interaction_sensitivity.Rds,TRUE,TRUE,TRUE,TRUE,FALSE,TRUE,TRUE,TRUE,FALSE,EVI Trend,biome_colnot_cold_short:mean_mat_scaled
biome_colnot_cold_tall:mean_mat_scaled,1.02578885643912,0.234547469434618,0.566084263682263,1.48549344919598,positive,evi_coef,super_biome,0.138686177518395,0.719153456427064,0.0971644323750355,0.0823577109531567,0.714178008179747,0.355651762131744,-0.000215604201828001,0,0.817652677844839,20,1000,155543,2679581.1794271,390024,subset_super_biomebiome_interaction_sensitivity,builds/models/subset_super_biomebiome_interaction_sensitivity.Rds,TRUE,TRUE,TRUE,TRUE,FALSE,TRUE,TRUE,TRUE,FALSE,EVI Trend,biome_colnot_cold_tall:mean_mat_scaled
biome_colcold_tall:mean_prec_scaled,-1.26235779520877,0.342205029807377,-1.93306732895968,-0.591648261457853,negative,evi_coef,super_biome,0.138686177518395,0.719153456427064,0.0971644323750355,0.0823577109531567,0.714178008179747,0.355651762131744,-0.000215604201828001,0,0.817652677844839,20,1000,155543,2679581.1794271,390024,subset_super_biomebiome_interaction_sensitivity,builds/models/subset_super_biomebiome_interaction_sensitivity.Rds,TRUE,TRUE,TRUE,TRUE,FALSE,TRUE,TRUE,TRUE,FALSE,EVI Trend,biome_colcold_tall:mean_prec_scaled
biome_colnot_cold_short:mean_prec_scaled,-0.616389328093591,0.320501161648726,-1.24456006192834,0.0117814057411613,non-significant,evi_coef,super_biome,0.138686177518395,0.719153456427064,0.0971644323750355,0.0823577109531567,0.714178008179747,0.355651762131744,-0.000215604201828001,0,0.817652677844839,20,1000,155543,2679581.1794271,390024,subset_super_biomebiome_interaction_sensitivity,builds/models/subset_super_biomebiome_interaction_sensitivity.Rds,TRUE,TRUE,TRUE,TRUE,FALSE,TRUE,TRUE,TRUE,FALSE,EVI Trend,biome_colnot_cold_short:mean_prec_scaled
biome_colnot_cold_tall:mean_prec_scaled,-1.71811425011762,0.310812171821369,-2.32729491284418,-1.10893358739107,negative,evi_coef,super_biome,0.138686177518395,0.719153456427064,0.0971644323750355,0.0823577109531567,0.714178008179747,0.355651762131744,-0.000215604201828001,0,0.817652677844839,20,1000,155543,2679581.1794271,390024,subset_super_biomebiome_interaction_sensitivity,builds/models/subset_super_biomebiome_interaction_sensitivity.Rds,TRUE,TRUE,TRUE,TRUE,FALSE,TRUE,TRUE,TRUE,FALSE,EVI Trend,biome_colnot_cold_tall:mean_prec_scaled
